STATION,NAME,DATE,PRCP,TAVG,TMAX,TMIN
ASN00040223,"BRISBANE AERO, AS",1950-01,6.79,76.8,84.4,69.2
ASN00040223,"BRISBANE AERO, AS",1950-02,16.89,75.2,81.3,69
ASN00040223,"BRISBANE AERO, AS",1950-03,6.42,74.9,81.4,68.5
ASN00040223,"BRISBANE AERO, AS",1950-04,3.04,70.2,77.3,63.2
ASN00040223,"BRISBANE AERO, AS",1950-05,1.23,64.8,74.1,55.5
ASN00040223,"BRISBANE AERO, AS",1950-06,6.96,61.1,68.8,53.4
ASN00040223,"BRISBANE AERO, AS",1950-07,9.65,62.3,69.1,55.5
ASN00040223,"BRISBANE AERO, AS",1950-08,1.15,60.4,69.7,51
ASN00040223,"BRISBANE AERO, AS",1950-09,0.34,64.3,74.1,54.5
ASN00040223,"BRISBANE AERO, AS",1950-10,4.58,68.3,76.5,60.2
ASN00040223,"BRISBANE AERO, AS",1950-11,5.15,69.8,77.7,61.8
ASN00040223,"BRISBANE AERO, AS",1950-12,2.8,73.7,81,66.4
ASN00040223,"BRISBANE AERO, AS",1951-01,18.97,72.9,79.4,66.5
ASN00040223,"BRISBANE AERO, AS",1951-02,2.94,73.5,80,67
ASN00040223,"BRISBANE AERO, AS",1951-03,7.72,74.2,81.8,66.7
ASN00040223,"BRISBANE AERO, AS",1951-04,1.43,67.9,78.6,57.3
ASN00040223,"BRISBANE AERO, AS",1951-05,1.65,62.5,72.2,52.8
ASN00040223,"BRISBANE AERO, AS",1951-06,1.78,61.6,69.7,53.5
ASN00040223,"BRISBANE AERO, AS",1951-07,0.02,57.5,68.7,46.3
ASN00040223,"BRISBANE AERO, AS",1951-08,0.43,58.4,70,46.8
ASN00040223,"BRISBANE AERO, AS",1951-09,0.72,63.7,73.9,53.5
ASN00040223,"BRISBANE AERO, AS",1951-10,1.52,67.6,77.4,57.7
ASN00040223,"BRISBANE AERO, AS",1951-11,0.05,72.6,81.8,63.3
ASN00040223,"BRISBANE AERO, AS",1951-12,1.82,75.3,84.3,66.2
ASN00040223,"BRISBANE AERO, AS",1952-01,1.52,78.3,85.8,70.9
ASN00040223,"BRISBANE AERO, AS",1952-02,3.08,75.8,83.1,68.5
ASN00040223,"BRISBANE AERO, AS",1952-03,5.47,74.2,81.7,66.6
ASN00040223,"BRISBANE AERO, AS",1952-04,4.19,71.1,79.2,63.1
ASN00040223,"BRISBANE AERO, AS",1952-05,3.2,64.3,72.9,55.6
ASN00040223,"BRISBANE AERO, AS",1952-06,5.79,60.3,70.2,50.4
ASN00040223,"BRISBANE AERO, AS",1952-07,1.18,59.3,69.2,49.5
ASN00040223,"BRISBANE AERO, AS",1952-08,2.25,62.2,71.7,52.6
ASN00040223,"BRISBANE AERO, AS",1952-09,1.09,64.7,74.4,55.1
ASN00040223,"BRISBANE AERO, AS",1952-10,3.29,69.5,77.5,61.4
ASN00040223,"BRISBANE AERO, AS",1952-11,1.11,74.9,84,65.9
ASN00040223,"BRISBANE AERO, AS",1952-12,1.61,77,85.6,68.3
ASN00040223,"BRISBANE AERO, AS",1953-01,6.83,75.5,83.1,67.9
ASN00040223,"BRISBANE AERO, AS",1953-02,16.71,75.6,82.9,68.2
ASN00040223,"BRISBANE AERO, AS",1953-03,4.96,74.5,82.9,66.1
ASN00040223,"BRISBANE AERO, AS",1953-04,2.65,72.7,81.2,64.2
ASN00040223,"BRISBANE AERO, AS",1953-05,0.67,65.1,74.6,55.5
ASN00040223,"BRISBANE AERO, AS",1953-06,0.05,60.3,71.6,49.1
ASN00040223,"BRISBANE AERO, AS",1953-07,0.04,59.1,70.8,47.5
ASN00040223,"BRISBANE AERO, AS",1953-08,3.61,60.3,71.1,49.5
ASN00040223,"BRISBANE AERO, AS",1953-09,0.33,65.5,75.4,55.5
ASN00040223,"BRISBANE AERO, AS",1953-10,2.07,70.4,79.6,61.1
ASN00040223,"BRISBANE AERO, AS",1953-11,2.35,74.5,83.9,65.2
ASN00040223,"BRISBANE AERO, AS",1953-12,3.54,78.2,86.8,69.6
ASN00040223,"BRISBANE AERO, AS",1954-01,6.7,75.8,83.2,68.4
ASN00040223,"BRISBANE AERO, AS",1954-02,21.4,77.3,83,71.5
ASN00040223,"BRISBANE AERO, AS",1954-03,2.65,77.6,85.4,69.8
ASN00040223,"BRISBANE AERO, AS",1954-04,1.25,72.3,81,63.5
ASN00040223,"BRISBANE AERO, AS",1954-05,2.37,65.4,74.7,56
ASN00040223,"BRISBANE AERO, AS",1954-06,1.48,60.9,69.5,52.3
ASN00040223,"BRISBANE AERO, AS",1954-07,6.51,61.5,70.2,52.7
ASN00040223,"BRISBANE AERO, AS",1954-08,4.81,61.6,70.8,52.4
ASN00040223,"BRISBANE AERO, AS",1954-09,2.5,64.3,72.9,55.7
ASN00040223,"BRISBANE AERO, AS",1954-10,6.35,68.7,76.6,60.9
ASN00040223,"BRISBANE AERO, AS",1954-11,3.19,73.6,81.9,65.3
ASN00040223,"BRISBANE AERO, AS",1954-12,1.48,75.5,83.9,67.1
ASN00040223,"BRISBANE AERO, AS",1955-01,4.78,77.1,85.4,68.7
ASN00040223,"BRISBANE AERO, AS",1955-02,3.99,78.3,85.5,71.1
ASN00040223,"BRISBANE AERO, AS",1955-03,15.47,76.5,83.7,69.4
ASN00040223,"BRISBANE AERO, AS",1955-04,5.37,72.4,79.9,64.8
ASN00040223,"BRISBANE AERO, AS",1955-05,6.65,64.9,73.3,56.6
ASN00040223,"BRISBANE AERO, AS",1955-06,1.62,61.2,69.9,52.6
ASN00040223,"BRISBANE AERO, AS",1955-07,2.46,58.4,67.9,48.8
ASN00040223,"BRISBANE AERO, AS",1955-08,0.44,61.1,72.5,49.7
ASN00040223,"BRISBANE AERO, AS",1955-09,1.89,65.2,75.1,55.4
ASN00040223,"BRISBANE AERO, AS",1955-10,2.77,70.9,80.6,61.3
ASN00040223,"BRISBANE AERO, AS",1955-11,1.32,73.1,81.8,64.3
ASN00040223,"BRISBANE AERO, AS",1955-12,6.5,75.3,83.8,66.8
ASN00040223,"BRISBANE AERO, AS",1956-01,4,77.5,85.6,69.5
ASN00040223,"BRISBANE AERO, AS",1956-02,19.55,77.2,84.6,69.8
ASN00040223,"BRISBANE AERO, AS",1956-03,7.07,76.5,82.5,70.4
ASN00040223,"BRISBANE AERO, AS",1956-04,4.5,72.2,81.6,62.8
ASN00040223,"BRISBANE AERO, AS",1956-05,5.8,64.2,72.9,55.5
ASN00040223,"BRISBANE AERO, AS",1956-06,4.95,59.3,67.8,50.9
ASN00040223,"BRISBANE AERO, AS",1956-07,0.71,57.8,67.4,48.2
ASN00040223,"BRISBANE AERO, AS",1956-08,0.84,58.6,70.2,47.1
ASN00040223,"BRISBANE AERO, AS",1956-09,1.77,62.5,72.8,52.2
ASN00040223,"BRISBANE AERO, AS",1956-10,1.43,68.8,79,58.7
ASN00040223,"BRISBANE AERO, AS",1956-11,1.03,72.3,82.1,62.6
ASN00040223,"BRISBANE AERO, AS",1956-12,10.56,76.4,84.7,68.1
ASN00040223,"BRISBANE AERO, AS",1957-01,3.28,76.8,84.6,69
ASN00040223,"BRISBANE AERO, AS",1957-02,3.74,77.7,85.4,70.1
ASN00040223,"BRISBANE AERO, AS",1957-03,2.74,74.2,82.7,65.7
ASN00040223,"BRISBANE AERO, AS",1957-04,0.7,73.2,82.7,63.8
ASN00040223,"BRISBANE AERO, AS",1957-05,0.2,65.2,76.1,54.3
ASN00040223,"BRISBANE AERO, AS",1957-06,1.02,63.2,72.5,53.9
ASN00040223,"BRISBANE AERO, AS",1957-07,3.4,57.4,67.2,47.7
ASN00040223,"BRISBANE AERO, AS",1957-08,2.21,61.5,71.5,51.6
ASN00040223,"BRISBANE AERO, AS",1957-09,0.42,64.7,75.4,54.1
ASN00040223,"BRISBANE AERO, AS",1957-10,2.89,70.9,80.8,61.1
ASN00040223,"BRISBANE AERO, AS",1957-11,0.9,75.8,84.6,66.9
ASN00040223,"BRISBANE AERO, AS",1957-12,1.17,77.8,86.4,69.3
ASN00040223,"BRISBANE AERO, AS",1958-01,4.82,77.1,84.8,69.2
ASN00040223,"BRISBANE AERO, AS",1958-02,6.85,77.7,85.3,70.2
ASN00040223,"BRISBANE AERO, AS",1958-03,5.52,76.5,84,69
ASN00040223,"BRISBANE AERO, AS",1958-04,7.07,71.8,78.7,64.8
ASN00040223,"BRISBANE AERO, AS",1958-05,0.93,68.5,78.1,59
ASN00040223,"BRISBANE AERO, AS",1958-06,9.87,63.5,70,57
ASN00040223,"BRISBANE AERO, AS",1958-07,0.11,59.8,71.4,48.3
ASN00040223,"BRISBANE AERO, AS",1958-08,1.83,62.5,72.4,52.6
ASN00040223,"BRISBANE AERO, AS",1958-09,1.82,63.8,74.3,53.4
ASN00040223,"BRISBANE AERO, AS",1958-10,1.36,70.8,82.1,59.5
ASN00040223,"BRISBANE AERO, AS",1958-11,0.92,73.2,81.6,64.8
ASN00040223,"BRISBANE AERO, AS",1958-12,8.01,75.9,84.5,67.2
ASN00040223,"BRISBANE AERO, AS",1959-01,6.61,76.1,83.5,68.8
ASN00040223,"BRISBANE AERO, AS",1959-02,5.04,76.1,83.9,68.4
ASN00040223,"BRISBANE AERO, AS",1959-03,8.52,74.7,82.6,66.8
ASN00040223,"BRISBANE AERO, AS",1959-04,1.56,70.5,79.3,61.7
ASN00040223,"BRISBANE AERO, AS",1959-05,1.3,64.8,73.4,56.1
ASN00040223,"BRISBANE AERO, AS",1959-06,0.64,60.8,70.5,51
ASN00040223,"BRISBANE AERO, AS",1959-07,3.02,60.2,69,51.5
ASN00040223,"BRISBANE AERO, AS",1959-08,0.34,60.9,72.8,48.9
ASN00040223,"BRISBANE AERO, AS",1959-09,2.87,65.1,74.4,55.8
ASN00040223,"BRISBANE AERO, AS",1959-10,4.98,67.1,76,58.1
ASN00040223,"BRISBANE AERO, AS",1959-11,8.39,71.6,79.4,63.8
ASN00040223,"BRISBANE AERO, AS",1959-12,4.2,77,85.6,68.3
ASN00040223,"BRISBANE AERO, AS",1960-01,4.09,77.5,85.6,69.5
ASN00040223,"BRISBANE AERO, AS",1960-02,4.65,77.2,85,69.3
ASN00040223,"BRISBANE AERO, AS",1960-03,2.78,72.9,81.7,64.1
ASN00040223,"BRISBANE AERO, AS",1960-04,0.82,70.9,80.4,61.4
ASN00040223,"BRISBANE AERO, AS",1960-05,2.15,63.7,73,54.3
ASN00040223,"BRISBANE AERO, AS",1960-06,0.86,59.8,70.4,49.1
ASN00040223,"BRISBANE AERO, AS",1960-07,1.57,58.9,68.1,49.6
ASN00040223,"BRISBANE AERO, AS",1960-08,0.61,58.9,70.7,47.2
ASN00040223,"BRISBANE AERO, AS",1960-09,0.12,65.3,75.7,54.9
ASN00040223,"BRISBANE AERO, AS",1960-10,1.48,69.3,78.4,60.1
ASN00040223,"BRISBANE AERO, AS",1960-11,4.1,71.9,79.9,63.9
ASN00040223,"BRISBANE AERO, AS",1960-12,4.47,73.4,81.6,65.3
ASN00040223,"BRISBANE AERO, AS",1961-01,3.97,74.1,81.8,66.4
ASN00040223,"BRISBANE AERO, AS",1961-02,5.93,75.4,82.8,67.9
ASN00040223,"BRISBANE AERO, AS",1961-03,1.59,73.6,81.9,65.3
ASN00040223,"BRISBANE AERO, AS",1961-04,1.01,71,79.6,62.4
ASN00040223,"BRISBANE AERO, AS",1961-05,1.6,64.6,75.1,54.1
ASN00040223,"BRISBANE AERO, AS",1961-06,1.02,61.2,71.6,50.9
ASN00040223,"BRISBANE AERO, AS",1961-07,3.16,58.6,69.8,47.4
ASN00040223,"BRISBANE AERO, AS",1961-08,1.15,60.6,70.8,50.4
ASN00040223,"BRISBANE AERO, AS",1961-09,1.65,65.2,75.4,54.9
ASN00040223,"BRISBANE AERO, AS",1961-10,5.43,70.7,78.9,62.5
ASN00040223,"BRISBANE AERO, AS",1961-11,7.24,72.8,80.2,65.4
ASN00040223,"BRISBANE AERO, AS",1961-12,5.04,75.9,84.3,67.5
ASN00040223,"BRISBANE AERO, AS",1962-01,6.33,76.8,84.3,69.3
ASN00040223,"BRISBANE AERO, AS",1962-02,1.9,77.9,86.6,69.2
ASN00040223,"BRISBANE AERO, AS",1962-03,4.88,73.5,81.2,65.7
ASN00040223,"BRISBANE AERO, AS",1962-04,1.8,69.3,77.7,60.9
ASN00040223,"BRISBANE AERO, AS",1962-05,1.19,64.3,75.2,53.5
ASN00040223,"BRISBANE AERO, AS",1962-06,0.84,62.6,73.7,51.5
ASN00040223,"BRISBANE AERO, AS",1962-07,6.06,60.5,69.3,51.8
ASN00040223,"BRISBANE AERO, AS",1962-08,2.48,60.1,70.8,49.3
ASN00040223,"BRISBANE AERO, AS",1962-09,2.35,65.4,75.8,55
ASN00040223,"BRISBANE AERO, AS",1962-10,1.37,70,79.3,60.6
ASN00040223,"BRISBANE AERO, AS",1962-11,2.81,74,82.7,65.4
ASN00040223,"BRISBANE AERO, AS",1962-12,9.07,73.7,81,66.4
ASN00040223,"BRISBANE AERO, AS",1963-01,7.51,76.4,83.4,69.5
ASN00040223,"BRISBANE AERO, AS",1963-02,0.95,78.1,86.1,70
ASN00040223,"BRISBANE AERO, AS",1963-03,15.97,75.7,82.8,68.7
ASN00040223,"BRISBANE AERO, AS",1963-04,1.9,70.9,79.4,62.4
ASN00040223,"BRISBANE AERO, AS",1963-05,9.3,66.5,74.2,58.7
ASN00040223,"BRISBANE AERO, AS",1963-06,0.38,61.2,69.8,52.6
ASN00040223,"BRISBANE AERO, AS",1963-07,0.11,57.9,69,46.9
ASN00040223,"BRISBANE AERO, AS",1963-08,2.48,61.9,71.4,52.4
ASN00040223,"BRISBANE AERO, AS",1963-09,0.12,65.4,76.1,54.6
ASN00040223,"BRISBANE AERO, AS",1963-10,2.84,67.8,76.1,59.5
ASN00040223,"BRISBANE AERO, AS",1963-11,4.68,70.8,78.8,62.8
ASN00040223,"BRISBANE AERO, AS",1963-12,6.23,73.1,81.1,65
ASN00040223,"BRISBANE AERO, AS",1964-01,4.88,78.7,86.6,70.9
ASN00040223,"BRISBANE AERO, AS",1964-02,5.5,77.1,85.1,69.2
ASN00040223,"BRISBANE AERO, AS",1964-03,13.13,75.3,82.8,67.7
ASN00040223,"BRISBANE AERO, AS",1964-04,3,71.2,79.7,62.7
ASN00040223,"BRISBANE AERO, AS",1964-05,3.19,66,74.9,57.2
ASN00040223,"BRISBANE AERO, AS",1964-06,1.39,60.3,69.9,50.8
ASN00040223,"BRISBANE AERO, AS",1964-07,1.82,60,70.7,49.3
ASN00040223,"BRISBANE AERO, AS",1964-08,0.93,61,72.8,49.1
ASN00040223,"BRISBANE AERO, AS",1964-09,3.09,66.4,75.1,57.7
ASN00040223,"BRISBANE AERO, AS",1964-10,2.42,68.6,78.4,58.9
ASN00040223,"BRISBANE AERO, AS",1964-11,2.04,72.7,82,63.5
ASN00040223,"BRISBANE AERO, AS",1964-12,6.2,75.5,84.5,66.6
ASN00040223,"BRISBANE AERO, AS",1965-01,4.34,76.5,84.7,68.2
ASN00040223,"BRISBANE AERO, AS",1965-02,1.59,76.4,84.6,68.2
ASN00040223,"BRISBANE AERO, AS",1965-03,0.56,75.7,84.4,67
ASN00040223,"BRISBANE AERO, AS",1965-04,1.44,71.8,80.2,63.3
ASN00040223,"BRISBANE AERO, AS",1965-05,1.4,66.5,76.5,56.4
ASN00040223,"BRISBANE AERO, AS",1965-06,3.56,62.4,71.1,53.8
ASN00040223,"BRISBANE AERO, AS",1965-07,10.17,57.8,68.4,47.1
ASN00040223,"BRISBANE AERO, AS",1965-08,3.91,61.4,71.5,51.3
ASN00040223,"BRISBANE AERO, AS",1965-09,1.73,67.3,77.3,57.3
ASN00040223,"BRISBANE AERO, AS",1965-10,2.85,69.8,78.1,61.5
ASN00040223,"BRISBANE AERO, AS",1965-11,0.86,73.8,82.2,65.4
ASN00040223,"BRISBANE AERO, AS",1965-12,7.14,74.9,82,67.7
ASN00040223,"BRISBANE AERO, AS",1966-01,1.31,75.1,82.6,67.7
ASN00040223,"BRISBANE AERO, AS",1966-02,9.07,78.6,86.3,70.8
ASN00040223,"BRISBANE AERO, AS",1966-03,3.5,75.2,84,66.4
ASN00040223,"BRISBANE AERO, AS",1966-04,5.3,71.4,79.5,63.2
ASN00040223,"BRISBANE AERO, AS",1966-05,0.87,64.8,74.9,54.7
ASN00040223,"BRISBANE AERO, AS",1966-06,8.23,61.8,70.7,52.8
ASN00040223,"BRISBANE AERO, AS",1966-07,0.78,58.9,68.7,49
ASN00040223,"BRISBANE AERO, AS",1966-08,4.72,61.8,70.4,53.2
ASN00040223,"BRISBANE AERO, AS",1966-09,2.82,65.3,75,55.6
ASN00040223,"BRISBANE AERO, AS",1966-10,2.93,67.9,76.5,59.3
ASN00040223,"BRISBANE AERO, AS",1966-11,7,72.8,81.7,63.8
ASN00040223,"BRISBANE AERO, AS",1966-12,4.17,74.8,82.3,67.2
ASN00040223,"BRISBANE AERO, AS",1967-01,11.14,76.9,84.1,69.7
ASN00040223,"BRISBANE AERO, AS",1967-02,4.96,75.8,83.4,68.3
ASN00040223,"BRISBANE AERO, AS",1967-03,10.32,73.5,81,65.9
ASN00040223,"BRISBANE AERO, AS",1967-04,2.65,70.1,78.2,62
ASN00040223,"BRISBANE AERO, AS",1967-05,4.52,65.4,73.6,57.2
ASN00040223,"BRISBANE AERO, AS",1967-06,27.6,64.3,71,57.7
ASN00040223,"BRISBANE AERO, AS",1967-07,1.85,59.3,68.6,50
ASN00040223,"BRISBANE AERO, AS",1967-08,1.12,60,70.4,49.5
ASN00040223,"BRISBANE AERO, AS",1967-09,0.11,65.6,75.8,55.3
ASN00040223,"BRISBANE AERO, AS",1967-10,4.29,71.2,79.4,62.9
ASN00040223,"BRISBANE AERO, AS",1967-11,2.28,73.7,82.7,64.6
ASN00040223,"BRISBANE AERO, AS",1967-12,5.17,74.1,81.6,66.6
ASN00040223,"BRISBANE AERO, AS",1968-01,14.3,76.7,82.8,70.6
ASN00040223,"BRISBANE AERO, AS",1968-02,2.53,77.1,84.5,69.8
ASN00040223,"BRISBANE AERO, AS",1968-03,1.07,76.1,84,68.2
ASN00040223,"BRISBANE AERO, AS",1968-04,1.29,74,84.2,63.8
ASN00040223,"BRISBANE AERO, AS",1968-05,2.58,64.7,72.6,56.8
ASN00040223,"BRISBANE AERO, AS",1968-06,0.04,61.3,71.1,51.4
ASN00040223,"BRISBANE AERO, AS",1968-07,1.89,59.2,68.2,50.1
ASN00040223,"BRISBANE AERO, AS",1968-08,2.46,60.6,70.7,50.5
ASN00040223,"BRISBANE AERO, AS",1968-09,0.3,64.8,74.4,55.2
ASN00040223,"BRISBANE AERO, AS",1968-10,0.47,70.8,80.6,60.9
ASN00040223,"BRISBANE AERO, AS",1968-11,2.5,76.3,86.3,66.3
ASN00040223,"BRISBANE AERO, AS",1968-12,4.69,75.8,84,67.7
ASN00040223,"BRISBANE AERO, AS",1969-01,1.89,79.4,87.3,71.5
ASN00040223,"BRISBANE AERO, AS",1969-02,1.81,77.7,85.3,70.1
ASN00040223,"BRISBANE AERO, AS",1969-03,1.35,75.6,83,68.2
ASN00040223,"BRISBANE AERO, AS",1969-04,1.15,71.8,81.1,62.5
ASN00040223,"BRISBANE AERO, AS",1969-05,11.11,66.9,73.9,59.9
ASN00040223,"BRISBANE AERO, AS",1969-06,0.74,61.7,70.7,52.7
ASN00040223,"BRISBANE AERO, AS",1969-07,0.7,62,70.7,53.2
ASN00040223,"BRISBANE AERO, AS",1969-08,4.97,64.2,73.4,55
ASN00040223,"BRISBANE AERO, AS",1969-09,1.16,63,72.6,53.4
ASN00040223,"BRISBANE AERO, AS",1969-10,7.33,68.9,76.4,61.4
ASN00040223,"BRISBANE AERO, AS",1969-11,5.56,72.3,81.5,63.1
ASN00040223,"BRISBANE AERO, AS",1969-12,2.12,77,85.2,68.8
ASN00040223,"BRISBANE AERO, AS",1970-01,5.27,78.4,86.4,70.4
ASN00040223,"BRISBANE AERO, AS",1970-02,5.67,76.9,84.5,69.4
ASN00040223,"BRISBANE AERO, AS",1970-03,7.79,74.4,82.9,65.9
ASN00040223,"BRISBANE AERO, AS",1970-04,1.69,70.9,79.6,62.2
ASN00040223,"BRISBANE AERO, AS",1970-05,0.39,62.7,72.7,52.7
ASN00040223,"BRISBANE AERO, AS",1970-06,0.43,60.1,72,48.2
ASN00040223,"BRISBANE AERO, AS",1970-07,0.6,57,69.4,44.6
ASN00040223,"BRISBANE AERO, AS",1970-08,0.3,60.4,72.8,47.9
ASN00040223,"BRISBANE AERO, AS",1970-09,1.45,63.8,74.7,52.9
ASN00040223,"BRISBANE AERO, AS",1970-10,7.06,68.7,78.7,58.6
ASN00040223,"BRISBANE AERO, AS",1970-11,7.22,72,79.9,64
ASN00040223,"BRISBANE AERO, AS",1970-12,17.22,75.8,82.7,69
ASN00040223,"BRISBANE AERO, AS",1971-01,16.69,77.1,84.5,69.8
ASN00040223,"BRISBANE AERO, AS",1971-02,13.63,76.6,82.7,70.5
ASN00040223,"BRISBANE AERO, AS",1971-03,3.37,73.9,81.4,66.4
ASN00040223,"BRISBANE AERO, AS",1971-04,0.88,69.4,78.7,60.2
ASN00040223,"BRISBANE AERO, AS",1971-05,1.15,63.9,74.7,53
ASN00040223,"BRISBANE AERO, AS",1971-06,0.04,59.8,70.5,49
ASN00040223,"BRISBANE AERO, AS",1971-07,1.33,57.7,68.6,46.8
ASN00040223,"BRISBANE AERO, AS",1971-08,2.02,60.6,71,50.3
ASN00040223,"BRISBANE AERO, AS",1971-09,1.25,65,75,54.9
ASN00040223,"BRISBANE AERO, AS",1971-10,4.63,70.8,80.6,61
ASN00040223,"BRISBANE AERO, AS",1971-11,6.55,72.2,81.4,62.9
ASN00040223,"BRISBANE AERO, AS",1971-12,4.72,74.7,82.5,67
ASN00040223,"BRISBANE AERO, AS",1972-01,8.75,76.2,83.2,69.2
ASN00040223,"BRISBANE AERO, AS",1972-02,16.87,74,80.6,67.5
ASN00040223,"BRISBANE AERO, AS",1972-03,8.66,73.4,81.6,65.3
ASN00040223,"BRISBANE AERO, AS",1972-04,6.3,69.8,79.1,60.5
ASN00040223,"BRISBANE AERO, AS",1972-05,4.51,64.8,72.6,56.9
ASN00040223,"BRISBANE AERO, AS",1972-06,1.39,61.2,69.8,52.6
ASN00040223,"BRISBANE AERO, AS",1972-07,0.14,57.2,70,44.4
ASN00040223,"BRISBANE AERO, AS",1972-08,0.62,60.9,72.3,49.5
ASN00040223,"BRISBANE AERO, AS",1972-09,0.06,64.4,75.3,53.5
ASN00040223,"BRISBANE AERO, AS",1972-10,16.01,69,77.7,60.2
ASN00040223,"BRISBANE AERO, AS",1972-11,6.53,73.1,80.7,65.5
ASN00040223,"BRISBANE AERO, AS",1972-12,1.46,76.2,84.6,67.9
ASN00040223,"BRISBANE AERO, AS",1973-01,3.63,78.9,85.7,72.2
ASN00040223,"BRISBANE AERO, AS",1973-02,12.3,77.9,84.5,71.3
ASN00040223,"BRISBANE AERO, AS",1973-03,1.22,76.8,85.2,68.5
ASN00040223,"BRISBANE AERO, AS",1973-04,1.05,72.5,82.4,62.6
ASN00040223,"BRISBANE AERO, AS",1973-05,1.46,68.6,78.3,58.8
ASN00040223,"BRISBANE AERO, AS",1973-06,0.58,61.9,71.7,52.1
ASN00040223,"BRISBANE AERO, AS",1973-07,15.71,62,69.7,54.3
ASN00040223,"BRISBANE AERO, AS",1973-08,1.69,62.4,71.4,53.4
ASN00040223,"BRISBANE AERO, AS",1973-09,0.97,66.5,75.9,57.1
ASN00040223,"BRISBANE AERO, AS",1973-10,10.12,70.4,78.5,62.3
ASN00040223,"BRISBANE AERO, AS",1973-11,2.91,74.2,82.9,65.5
ASN00040223,"BRISBANE AERO, AS",1973-12,5.44,76.5,84.4,68.7
ASN00040223,"BRISBANE AERO, AS",1974-01,31.64,76.7,82.5,71.1
ASN00040223,"BRISBANE AERO, AS",1974-02,5.09,76.2,83.4,69
ASN00040223,"BRISBANE AERO, AS",1974-03,16.28,74.6,81.5,67.7
ASN00040223,"BRISBANE AERO, AS",1974-04,6.92,71.3,79.4,63.2
ASN00040223,"BRISBANE AERO, AS",1974-05,4.26,65.2,73.1,57.4
ASN00040223,"BRISBANE AERO, AS",1974-06,4.58,60.3,69.9,50.6
ASN00040223,"BRISBANE AERO, AS",1974-07,0.94,57.8,69.5,46.2
ASN00040223,"BRISBANE AERO, AS",1974-08,2.38,59.1,70,48.3
ASN00040223,"BRISBANE AERO, AS",1974-09,2.51,62.6,72.7,52.6
ASN00040223,"BRISBANE AERO, AS",1974-10,2.9,67.1,75.8,58.4
ASN00040223,"BRISBANE AERO, AS",1974-11,4.79,70.2,79,61.5
ASN00040223,"BRISBANE AERO, AS",1974-12,3.14,75.9,84.4,67.4
ASN00040223,"BRISBANE AERO, AS",1975-01,6.89,76.2,83.7,68.8
ASN00040223,"BRISBANE AERO, AS",1975-02,5.31,76.4,84,68.7
ASN00040223,"BRISBANE AERO, AS",1975-03,1.12,76.4,83.9,68.9
ASN00040223,"BRISBANE AERO, AS",1975-04,1.5,70.6,79.4,61.7
ASN00040223,"BRISBANE AERO, AS",1975-05,0.1,65.4,76.6,54.3
ASN00040223,"BRISBANE AERO, AS",1975-06,2.91,60.3,69.7,50.8
ASN00040223,"BRISBANE AERO, AS",1975-07,0.8,60.4,70.4,50.4
ASN00040223,"BRISBANE AERO, AS",1975-08,1.87,60.5,71.3,49.8
ASN00040223,"BRISBANE AERO, AS",1975-09,3.05,65.2,73.7,56.6
ASN00040223,"BRISBANE AERO, AS",1975-10,3.35,68.4,76.9,60
ASN00040223,"BRISBANE AERO, AS",1975-11,2.37,72.6,81.1,64.1
ASN00040223,"BRISBANE AERO, AS",1975-12,4.74,75.4,82.8,67.9
ASN00040223,"BRISBANE AERO, AS",1976-01,7.24,76.6,83.4,69.9
ASN00040223,"BRISBANE AERO, AS",1976-02,11.76,75.2,81.7,68.6
ASN00040223,"BRISBANE AERO, AS",1976-03,7.54,75.6,82.1,69
ASN00040223,"BRISBANE AERO, AS",1976-04,1.78,70.4,78,62.8
ASN00040223,"BRISBANE AERO, AS",1976-05,3.65,66.4,73.5,59.2
ASN00040223,"BRISBANE AERO, AS",1976-06,1,61.9,70.6,53.1
ASN00040223,"BRISBANE AERO, AS",1976-07,1.92,60.7,69.8,51.6
ASN00040223,"BRISBANE AERO, AS",1976-08,0.09,58.5,70.2,46.8
ASN00040223,"BRISBANE AERO, AS",1976-09,1.6,63.6,74,53.1
ASN00040223,"BRISBANE AERO, AS",1976-10,3.35,67.2,77.6,56.8
ASN00040223,"BRISBANE AERO, AS",1976-11,10.97,73.9,82.1,65.6
ASN00040223,"BRISBANE AERO, AS",1976-12,3.7,77.7,85.5,70
ASN00040223,"BRISBANE AERO, AS",1977-01,1.32,77.5,85.8,69.2
ASN00040223,"BRISBANE AERO, AS",1977-02,4.76,78.2,85.6,70.8
ASN00040223,"BRISBANE AERO, AS",1977-03,2.84,75.9,83,68.8
ASN00040223,"BRISBANE AERO, AS",1977-04,1.74,72.1,80.2,64.1
ASN00040223,"BRISBANE AERO, AS",1977-05,2.61,65.6,74.9,56.3
ASN00040223,"BRISBANE AERO, AS",1977-06,0.72,59.5,69.5,49.6
ASN00040223,"BRISBANE AERO, AS",1977-07,0.32,58.4,69.5,47.2
ASN00040223,"BRISBANE AERO, AS",1977-08,0.32,61.2,72.8,49.6
ASN00040223,"BRISBANE AERO, AS",1977-09,0.27,64.3,75.8,52.8
ASN00040223,"BRISBANE AERO, AS",1977-10,1.69,70.2,80,60.4
ASN00040223,"BRISBANE AERO, AS",1977-11,5.58,74.3,81.9,66.8
ASN00040223,"BRISBANE AERO, AS",1977-12,2.43,76.2,84.4,67.9
ASN00040223,"BRISBANE AERO, AS",1978-01,2.98,78.6,85.4,71.7
ASN00040223,"BRISBANE AERO, AS",1978-02,3.75,78.3,85.8,70.7
ASN00040223,"BRISBANE AERO, AS",1978-03,8.29,75.7,83.2,68.1
ASN00040223,"BRISBANE AERO, AS",1978-04,2.29,71.4,80.2,62.6
ASN00040223,"BRISBANE AERO, AS",1978-05,2.2,64.9,73,56.8
ASN00040223,"BRISBANE AERO, AS",1978-06,1.07,59.2,68,50.4
ASN00040223,"BRISBANE AERO, AS",1978-07,1.83,58.3,68.7,47.8
ASN00040223,"BRISBANE AERO, AS",1978-08,2.12,59.6,68.6,50.7
ASN00040223,"BRISBANE AERO, AS",1978-09,3.53,63.6,73,54.2
ASN00040223,"BRISBANE AERO, AS",1978-10,1.64,67.3,75.9,58.8
ASN00040223,"BRISBANE AERO, AS",1978-11,3.72,71.9,79.3,64.4
ASN00040223,"BRISBANE AERO, AS",1978-12,8.89,75.4,83.5,67.3
ASN00040223,"BRISBANE AERO, AS",1979-01,6.56,77.2,84.1,70.3
ASN00040223,"BRISBANE AERO, AS",1979-02,2.53,75.9,82.9,68.9
ASN00040223,"BRISBANE AERO, AS",1979-03,2.04,74.9,83,66.8
ASN00040223,"BRISBANE AERO, AS",1979-04,3.02,71.3,80.3,62.3
ASN00040223,"BRISBANE AERO, AS",1979-05,0.33,64.5,73.6,55.4
ASN00040223,"BRISBANE AERO, AS",1979-06,2.45,63.5,71.9,55.1
ASN00040223,"BRISBANE AERO, AS",1979-07,1.57,58.7,69.2,48.3
ASN00040223,"BRISBANE AERO, AS",1979-08,0.1,60.8,72,49.6
ASN00040223,"BRISBANE AERO, AS",1979-09,0.04,65,75.5,54.5
ASN00040223,"BRISBANE AERO, AS",1979-10,3.35,69.1,78.3,60
ASN00040223,"BRISBANE AERO, AS",1979-11,3.86,74.2,81.6,66.7
ASN00040223,"BRISBANE AERO, AS",1979-12,2.53,79.1,87.5,70.6
ASN00040223,"BRISBANE AERO, AS",1980-01,6.2,79.1,86.8,71.5
ASN00040223,"BRISBANE AERO, AS",1980-02,3.44,77.7,84.2,71.3
ASN00040223,"BRISBANE AERO, AS",1980-03,0.22,75.1,83.6,66.6
ASN00040223,"BRISBANE AERO, AS",1980-04,1.02,71.9,80.6,63.2
ASN00040223,"BRISBANE AERO, AS",1980-05,15.02,67.6,74.7,60.6
ASN00040223,"BRISBANE AERO, AS",1980-06,0.75,61.6,70.6,52.5
ASN00040223,"BRISBANE AERO, AS",1980-07,0.82,58.4,68.2,48.7
ASN00040223,"BRISBANE AERO, AS",1980-08,1.22,62.5,72.5,52.5
ASN00040223,"BRISBANE AERO, AS",1980-09,0.01,67,79.1,54.8
ASN00040223,"BRISBANE AERO, AS",1980-10,4.2,70.8,79.1,62.5
ASN00040223,"BRISBANE AERO, AS",1980-11,1,74.1,83.1,65.2
ASN00040223,"BRISBANE AERO, AS",1980-12,6.83,74.7,82.1,67.4
ASN00040223,"BRISBANE AERO, AS",1981-01,5.23,76.9,84,69.8
ASN00040223,"BRISBANE AERO, AS",1981-02,14.6,79,85,73
ASN00040223,"BRISBANE AERO, AS",1981-03,0.74,76.3,84.6,67.9
ASN00040223,"BRISBANE AERO, AS",1981-04,7.36,71.6,80.2,63
ASN00040223,"BRISBANE AERO, AS",1981-05,3.62,65.5,74.1,56.9
ASN00040223,"BRISBANE AERO, AS",1981-06,2.12,59.2,68.4,50
ASN00040223,"BRISBANE AERO, AS",1981-07,1.52,59.1,68.9,49.3
ASN00040223,"BRISBANE AERO, AS",1981-08,0.87,59.6,71.5,47.7
ASN00040223,"BRISBANE AERO, AS",1981-09,0.04,65.9,76,55.8
ASN00040223,"BRISBANE AERO, AS",1981-10,1.08,67.7,76.7,58.7
ASN00040223,"BRISBANE AERO, AS",1981-11,16.08,71.5,78.1,64.9
ASN00040223,"BRISBANE AERO, AS",1981-12,5.06,77.3,85,69.6
ASN00040223,"BRISBANE AERO, AS",1982-01,9.2,78.3,85.3,71.3
ASN00040223,"BRISBANE AERO, AS",1982-02,3.73,77.5,85,70.1
ASN00040223,"BRISBANE AERO, AS",1982-03,8.15,76.1,83.2,69
ASN00040223,"BRISBANE AERO, AS",1982-04,3.17,70.2,78.3,62.1
ASN00040223,"BRISBANE AERO, AS",1982-05,2.82,65.8,75.4,56.2
ASN00040223,"BRISBANE AERO, AS",1982-06,0.08,57.8,68.4,47.3
ASN00040223,"BRISBANE AERO, AS",1982-07,0.28,57.3,68.8,45.9
ASN00040223,"BRISBANE AERO, AS",1982-08,1.33,61.8,71.4,52.2
ASN00040223,"BRISBANE AERO, AS",1982-09,2.48,64.3,74.2,54.3
ASN00040223,"BRISBANE AERO, AS",1982-10,2.76,66.5,76.4,56.5
ASN00040223,"BRISBANE AERO, AS",1982-11,0.63,71.8,80.3,63.4
ASN00040223,"BRISBANE AERO, AS",1982-12,8.19,75.5,82.9,68.1
ASN00040223,"BRISBANE AERO, AS",1983-01,3.98,76.6,83.9,69.3
ASN00040223,"BRISBANE AERO, AS",1983-02,4.87,77.9,86.1,69.7
ASN00040223,"BRISBANE AERO, AS",1983-03,2.91,76.1,83.7,68.5
ASN00040223,"BRISBANE AERO, AS",1983-04,5,70.4,77.8,62.9
ASN00040223,"BRISBANE AERO, AS",1983-05,9.78,67.4,74.3,60.4
ASN00040223,"BRISBANE AERO, AS",1983-06,10.95,60.6,68.8,52.4
ASN00040223,"BRISBANE AERO, AS",1983-07,1.86,59.7,67.5,51.9
ASN00040223,"BRISBANE AERO, AS",1983-08,1.94,60.9,70.2,51.6
ASN00040223,"BRISBANE AERO, AS",1983-09,0.95,67.4,77.3,57.6
ASN00040223,"BRISBANE AERO, AS",1983-10,4.5,69.6,77.4,61.8
ASN00040223,"BRISBANE AERO, AS",1983-11,6.52,72.2,79.9,64.5
ASN00040223,"BRISBANE AERO, AS",1983-12,5.24,73.2,81.3,65.1
ASN00040223,"BRISBANE AERO, AS",1984-01,3.02,76.4,83,69.9
ASN00040223,"BRISBANE AERO, AS",1984-02,2.45,76.1,83.7,68.6
ASN00040223,"BRISBANE AERO, AS",1984-03,2.74,74.9,82.9,66.8
ASN00040223,"BRISBANE AERO, AS",1984-04,9.95,69.9,77.8,61.9
ASN00040223,"BRISBANE AERO, AS",1984-05,1.78,64.7,73.9,55.6
ASN00040223,"BRISBANE AERO, AS",1984-06,2.09,62.5,70.6,54.4
ASN00040223,"BRISBANE AERO, AS",1984-07,5.46,58.2,66.6,49.9
ASN00040223,"BRISBANE AERO, AS",1984-08,0.91,60,71.2,48.8
ASN00040223,"BRISBANE AERO, AS",1984-09,1.34,63.3,73.7,52.9
ASN00040223,"BRISBANE AERO, AS",1984-10,4.65,67.4,74.9,59.8
ASN00040223,"BRISBANE AERO, AS",1984-11,1.35,72.2,80.1,64.4
ASN00040223,"BRISBANE AERO, AS",1984-12,2.13,76.6,84.6,68.7
ASN00040223,"BRISBANE AERO, AS",1985-01,6.23,78.3,86.8,69.9
ASN00040223,"BRISBANE AERO, AS",1985-02,3.2,76.9,84.2,69.5
ASN00040223,"BRISBANE AERO, AS",1985-03,7.61,74.6,81.4,67.8
ASN00040223,"BRISBANE AERO, AS",1985-04,2.98,70.8,78.7,63
ASN00040223,"BRISBANE AERO, AS",1985-05,2.87,66.3,74,58.6
ASN00040223,"BRISBANE AERO, AS",1985-06,1.69,59.1,68.7,49.6
ASN00040223,"BRISBANE AERO, AS",1985-07,6.13,59.1,69.2,49
ASN00040223,"BRISBANE AERO, AS",1985-08,1.82,60.3,70.4,50.2
ASN00040223,"BRISBANE AERO, AS",1985-09,2.67,64.3,74,54.7
ASN00040223,"BRISBANE AERO, AS",1985-10,5.12,68.6,77.5,59.7
ASN00040223,"BRISBANE AERO, AS",1985-11,1.48,72.9,79.8,66.1
ASN00040223,"BRISBANE AERO, AS",1985-12,2.53,78.1,86.7,69.5
ASN00040223,"BRISBANE AERO, AS",1986-01,1.6,77.7,86.3,69.2
ASN00040223,"BRISBANE AERO, AS",1986-02,1.1,77.7,86.3,69.2
ASN00040223,"BRISBANE AERO, AS",1986-03,3.86,75,83.2,66.8
ASN00040223,"BRISBANE AERO, AS",1986-04,0.68,72.6,81,64.3
ASN00040223,"BRISBANE AERO, AS",1986-05,4.39,67.5,75.5,59.7
ASN00040223,"BRISBANE AERO, AS",1986-06,0.07,61.7,71,52.5
ASN00040223,"BRISBANE AERO, AS",1986-07,1.69,60.7,69.4,51.9
ASN00040223,"BRISBANE AERO, AS",1986-08,2.57,60.5,69.8,51.2
ASN00040223,"BRISBANE AERO, AS",1986-09,0.72,66.2,75.9,56.5
ASN00040223,"BRISBANE AERO, AS",1986-10,7.11,70.3,79.1,61.5
ASN00040223,"BRISBANE AERO, AS",1986-11,5.25,71.5,79.4,63.7
ASN00040223,"BRISBANE AERO, AS",1986-12,3.88,75,82.8,67.2
ASN00040223,"BRISBANE AERO, AS",1987-01,6.48,80.1,87.3,72.9
ASN00040223,"BRISBANE AERO, AS",1987-02,3.02,77.9,85.1,70.8
ASN00040223,"BRISBANE AERO, AS",1987-03,10.06,74.9,82.9,66.8
ASN00040223,"BRISBANE AERO, AS",1987-04,1.56,71.2,78.8,63.6
ASN00040223,"BRISBANE AERO, AS",1987-05,4.69,66.9,74.7,59.1
ASN00040223,"BRISBANE AERO, AS",1987-06,1.47,62.5,70.2,54.8
ASN00040223,"BRISBANE AERO, AS",1987-07,1.92,58.6,69.6,47.7
ASN00040223,"BRISBANE AERO, AS",1987-08,3.62,62.5,71.6,53.4
ASN00040223,"BRISBANE AERO, AS",1987-09,0.02,65.5,75.6,55.3
ASN00040223,"BRISBANE AERO, AS",1987-10,7.27,69.5,78.2,60.7
ASN00040223,"BRISBANE AERO, AS",1987-11,1.63,72,80.3,63.6
ASN00040223,"BRISBANE AERO, AS",1987-12,3.5,75.9,83.3,68.5
ASN00040223,"BRISBANE AERO, AS",1988-01,3.77,76.8,83.9,69.7
ASN00040223,"BRISBANE AERO, AS",1988-02,3.35,75,82.8,67.2
ASN00040223,"BRISBANE AERO, AS",1988-03,4.91,72,79.8,64.1
ASN00040223,"BRISBANE AERO, AS",1988-04,16.67,70.9,77.4,64.5
ASN00040223,"BRISBANE AERO, AS",1988-05,0.29,66,75.1,56.8
ASN00040223,"BRISBANE AERO, AS",1988-06,4.43,61.5,70.7,52.3
ASN00040223,"BRISBANE AERO, AS",1988-07,5.43,61.4,70.2,52.5
ASN00040223,"BRISBANE AERO, AS",1988-08,2.84,61.2,70,52.4
ASN00040223,"BRISBANE AERO, AS",1988-09,2.11,65.8,74.9,56.7
ASN00040223,"BRISBANE AERO, AS",1988-10,0.46,72.7,83,62.4
ASN00040223,"BRISBANE AERO, AS",1988-11,1.14,73.5,83,64
ASN00040223,"BRISBANE AERO, AS",1988-12,7.96,76,82.5,69.5
ASN00040223,"BRISBANE AERO, AS",1989-01,2.17,75.8,83.5,68
ASN00040223,"BRISBANE AERO, AS",1989-02,4.72,73.8,80.5,67.2
ASN00040223,"BRISBANE AERO, AS",1989-03,4.85,74.3,80.7,67.9
ASN00040223,"BRISBANE AERO, AS",1989-04,19.75,71.8,78.3,65.2
ASN00040223,"BRISBANE AERO, AS",1989-05,6.57,67.5,73.7,61.2
ASN00040223,"BRISBANE AERO, AS",1989-06,1.4,60.4,68.1,52.7
ASN00040223,"BRISBANE AERO, AS",1989-07,2.02,57.2,66.1,48.3
ASN00040223,"BRISBANE AERO, AS",1989-08,1.41,57.3,68.8,45.8
ASN00040223,"BRISBANE AERO, AS",1989-09,0.48,63.6,75.3,52
ASN00040223,"BRISBANE AERO, AS",1989-10,0.75,70.3,80.4,60.2
ASN00040223,"BRISBANE AERO, AS",1989-11,2.8,71.1,79,63.2
ASN00040223,"BRISBANE AERO, AS",1989-12,2.72,74,82,66.1
ASN00040223,"BRISBANE AERO, AS",1990-01,5.02,76.4,83.8,68.9
ASN00040223,"BRISBANE AERO, AS",1990-02,14.15,77.3,83.8,70.9
ASN00040223,"BRISBANE AERO, AS",1990-03,7.61,73.5,80.7,66.3
ASN00040223,"BRISBANE AERO, AS",1990-04,8.17,70.4,77.3,63.6
ASN00040223,"BRISBANE AERO, AS",1990-05,6.73,65.7,73.8,57.6
ASN00040223,"BRISBANE AERO, AS",1990-06,3.14,59.4,67.8,51
ASN00040223,"BRISBANE AERO, AS",1990-07,1.46,58.3,68.8,47.8
ASN00040223,"BRISBANE AERO, AS",1990-08,0.3,58,69.1,47
ASN00040223,"BRISBANE AERO, AS",1990-09,0.24,62.5,72.8,52.1
ASN00040223,"BRISBANE AERO, AS",1990-10,1.62,69.3,78.5,60.1
ASN00040223,"BRISBANE AERO, AS",1990-11,2.15,73.2,81.5,64.9
ASN00040223,"BRISBANE AERO, AS",1990-12,3.35,78.2,85.9,70.5
ASN00040223,"BRISBANE AERO, AS",1991-01,3.46,78.3,85.2,71.5
ASN00040223,"BRISBANE AERO, AS",1991-02,8.21,77.5,84.5,70.4
ASN00040223,"BRISBANE AERO, AS",1991-03,1.02,74.2,82.6,65.9
ASN00040223,"BRISBANE AERO, AS",1991-04,0.12,70.5,80.4,60.5
ASN00040223,"BRISBANE AERO, AS",1991-05,3.24,67.2,74.7,59.8
ASN00040223,"BRISBANE AERO, AS",1991-06,3.35,62.5,72.9,52.2
ASN00040223,"BRISBANE AERO, AS",1991-07,1.58,57.4,68.8,45.9
ASN00040223,"BRISBANE AERO, AS",1991-08,0,60.7,72.8,48.5
ASN00040223,"BRISBANE AERO, AS",1991-09,0.11,64.9,77.8,51.9
ASN00040223,"BRISBANE AERO, AS",1991-10,1.05,69.3,78,60.5
ASN00040223,"BRISBANE AERO, AS",1991-11,1.24,73.5,81.6,65.5
ASN00040223,"BRISBANE AERO, AS",1991-12,7.8,75,83,67
ASN00040223,"BRISBANE AERO, AS",1992-01,5.5,78.6,85.9,71.3
ASN00040223,"BRISBANE AERO, AS",1992-02,15.85,76.7,83.3,70.1
ASN00040223,"BRISBANE AERO, AS",1992-03,8.8,74.2,81.2,67.2
ASN00040223,"BRISBANE AERO, AS",1992-04,4.63,70.1,77,63.2
ASN00040223,"BRISBANE AERO, AS",1992-05,3.04,65.2,72.5,58
ASN00040223,"BRISBANE AERO, AS",1992-06,0.97,58.7,68.8,48.5
ASN00040223,"BRISBANE AERO, AS",1992-07,1.66,58.7,69.5,47.9
ASN00040223,"BRISBANE AERO, AS",1992-08,0.52,60.4,71.8,48.9
ASN00040223,"BRISBANE AERO, AS",1992-09,1.5,63.7,75.1,52.2
ASN00040223,"BRISBANE AERO, AS",1992-10,0.16,67.6,77.3,57.9
ASN00040223,"BRISBANE AERO, AS",1992-11,4.16,72.4,81.5,63.4
ASN00040223,"BRISBANE AERO, AS",1992-12,3.38,74.4,82,66.7
ASN00040223,"BRISBANE AERO, AS",1993-01,2.54,77.3,84.6,70
ASN00040223,"BRISBANE AERO, AS",1993-02,2.98,77.5,85.1,70
ASN00040223,"BRISBANE AERO, AS",1993-03,5.17,73.7,82,65.5
ASN00040223,"BRISBANE AERO, AS",1993-04,0.69,70.1,78.7,61.5
ASN00040223,"BRISBANE AERO, AS",1993-05,0.9,66.3,75.1,57.5
ASN00040223,"BRISBANE AERO, AS",1993-06,0.29,60.6,71.1,50
ASN00040223,"BRISBANE AERO, AS",1993-07,2.53,64,71.3,56.6
ASN00040223,"BRISBANE AERO, AS",1993-08,2.18,61.8,72.7,50.9
ASN00040223,"BRISBANE AERO, AS",1993-09,2.16,64.2,72.7,55.7
ASN00040223,"BRISBANE AERO, AS",1993-10,1.93,68.2,77.2,59.2
ASN00040223,"BRISBANE AERO, AS",1993-11,3.65,71,78.7,63.3
ASN00040223,"BRISBANE AERO, AS",1993-12,3.58,73.9,82.6,65.2
ASN00040223,"BRISBANE AERO, AS",1994-01,7.78,78.4,85.8,71
ASN00040223,"BRISBANE AERO, AS",1994-02,3.69,74.9,81.1,68.6
ASN00040223,"BRISBANE AERO, AS",1994-03,8.84,72.6,79.7,65.4
ASN00040223,"BRISBANE AERO, AS",1994-04,1.83,68.8,76.8,60.8
ASN00040223,"BRISBANE AERO, AS",1994-05,3.37,63.3,74.3,52.4
ASN00040223,"BRISBANE AERO, AS",1994-06,0.48,59.5,70.1,48.9
ASN00040223,"BRISBANE AERO, AS",1994-07,0.34,58.4,69.5,47.2
ASN00040223,"BRISBANE AERO, AS",1994-08,0.16,59,71,47
ASN00040223,"BRISBANE AERO, AS",1994-09,1.17,63.3,76.7,49.8
ASN00040223,"BRISBANE AERO, AS",1994-10,1.68,67.5,77.4,57.6
ASN00040223,"BRISBANE AERO, AS",1994-11,1.3,73.9,82.7,65.1
ASN00040223,"BRISBANE AERO, AS",1994-12,2.36,74.5,82.4,66.7
ASN00040223,"BRISBANE AERO, AS",1995-01,1.69,77.3,84.9,69.7
ASN00040223,"BRISBANE AERO, AS",1995-02,12.51,75.7,82.1,69.4
ASN00040223,"BRISBANE AERO, AS",1995-03,2.8,74.6,83,66.2
ASN00040223,"BRISBANE AERO, AS",1995-04,1.91,69.4,78.1,60.6
ASN00040223,"BRISBANE AERO, AS",1995-05,1.24,66,73.9,58.1
ASN00040223,"BRISBANE AERO, AS",1995-06,1.74,60.1,69.1,51
ASN00040223,"BRISBANE AERO, AS",1995-07,0.24,57.5,69.8,45.3
ASN00040223,"BRISBANE AERO, AS",1995-08,0.85,60.5,71.3,49.6
ASN00040223,"BRISBANE AERO, AS",1995-09,1.3,64.9,74.9,54.8
ASN00040223,"BRISBANE AERO, AS",1995-10,2.35,67.9,77,58.8
ASN00040223,"BRISBANE AERO, AS",1995-11,7.06,74.5,82.7,66.3
ASN00040223,"BRISBANE AERO, AS",1995-12,10.72,74,81.8,66.2
ASN00040223,"BRISBANE AERO, AS",1996-01,10.11,77.5,83.9,71
ASN00040223,"BRISBANE AERO, AS",1996-02,2.14,76.3,84.1,68.5
ASN00040223,"BRISBANE AERO, AS",1996-03,1.51,73.4,81.1,65.7
ASN00040223,"BRISBANE AERO, AS",1996-04,2.62,70.3,80.9,59.7
ASN00040223,"BRISBANE AERO, AS",1996-05,24.28,66.4,73.8,58.9
ASN00040223,"BRISBANE AERO, AS",1996-06,1.44,62.6,71.1,54
ASN00040223,"BRISBANE AERO, AS",1996-07,1.48,57.9,68.4,47.4
ASN00040223,"BRISBANE AERO, AS",1996-08,1.24,59.5,70.8,48.3
ASN00040223,"BRISBANE AERO, AS",1996-09,0.78,63.6,76.7,50.6
ASN00040223,"BRISBANE AERO, AS",1996-10,2.29,68,76.6,59.3
ASN00040223,"BRISBANE AERO, AS",1996-11,4.69,72.2,82.1,62.3
ASN00040223,"BRISBANE AERO, AS",1996-12,5.61,74.5,82,67
ASN00040223,"BRISBANE AERO, AS",1997-01,3.36,74.5,81.7,67.2
ASN00040223,"BRISBANE AERO, AS",1997-02,2.82,77.2,84.8,69.6
ASN00040223,"BRISBANE AERO, AS",1997-03,1.54,74.2,82.3,66.2
ASN00040223,"BRISBANE AERO, AS",1997-04,0.67,69.8,79.6,60
ASN00040223,"BRISBANE AERO, AS",1997-05,8.01,65.2,73.5,56.8
ASN00040223,"BRISBANE AERO, AS",1997-06,1.19,59.7,69.3,50.1
ASN00040223,"BRISBANE AERO, AS",1997-07,0.92,59.3,68.5,50.1
ASN00040223,"BRISBANE AERO, AS",1997-08,0.03,59.3,71.1,47.4
ASN00040223,"BRISBANE AERO, AS",1997-09,1.52,65.2,75.7,54.8
ASN00040223,"BRISBANE AERO, AS",1997-10,4.79,67.5,76.6,58.4
ASN00040223,"BRISBANE AERO, AS",1997-11,4.86,73.1,80.9,65.3
ASN00040223,"BRISBANE AERO, AS",1997-12,4.21,77.8,85.1,70.4
ASN00040223,"BRISBANE AERO, AS",1998-01,2.84,78.2,85.6,70.8
ASN00040223,"BRISBANE AERO, AS",1998-02,3.06,78.9,86.7,71.1
ASN00040223,"BRISBANE AERO, AS",1998-03,2.09,76.4,85.5,67.2
ASN00040223,"BRISBANE AERO, AS",1998-04,6.82,71,78.8,63.3
ASN00040223,"BRISBANE AERO, AS",1998-05,6.17,65.8,75,56.6
ASN00040223,"BRISBANE AERO, AS",1998-06,0.48,61,70.6,51.3
ASN00040223,"BRISBANE AERO, AS",1998-07,1.19,60.5,69.5,51.5
ASN00040223,"BRISBANE AERO, AS",1998-08,4.85,62.7,71.1,54.2
ASN00040223,"BRISBANE AERO, AS",1998-09,4.1,66.3,74.4,58.1
ASN00040223,"BRISBANE AERO, AS",1998-10,1.21,69.5,79,59.9
ASN00040223,"BRISBANE AERO, AS",1998-11,4.34,70.4,78.9,61.9
ASN00040223,"BRISBANE AERO, AS",1998-12,3.47,75.2,83.3,67.1
ASN00040223,"BRISBANE AERO, AS",1999-01,9.62,77,84.1,69.9
ASN00040223,"BRISBANE AERO, AS",1999-02,13.06,75.8,82.5,69.1
ASN00040223,"BRISBANE AERO, AS",1999-03,6.25,75.1,82.1,68.2
ASN00040223,"BRISBANE AERO, AS",1999-04,3.05,68.4,76.8,59.9
ASN00040223,"BRISBANE AERO, AS",1999-05,2.99,66.1,74.1,58.1
ASN00040223,"BRISBANE AERO, AS",1999-06,7.8,60,68.6,51.3
ASN00040223,"BRISBANE AERO, AS",1999-07,5.54,60.3,68.6,52
ASN00040223,"BRISBANE AERO, AS",1999-08,2.55,60.5,69.7,51.3
ASN00040223,"BRISBANE AERO, AS",1999-09,2.76,64.5,73.4,55.6
ASN00040223,"BRISBANE AERO, AS",1999-10,8.5,69.4,77.2,61.6
ASN00040223,"BRISBANE AERO, AS",1999-11,2.46,69.2,77,61.4
ASN00040223,"BRISBANE AERO, AS",1999-12,6.93,71.7,79.5,63.9
ASN00040842,"BRISBANE AERO, AS",2000-01,2.17,74.8,81.9,67.7
ASN00040842,"BRISBANE AERO, AS",2000-02,1.43,74.9,82.3,67.6
ASN00040842,"BRISBANE AERO, AS",2000-03,1.43,74.9,82.3,67.6
ASN00040842,"BRISBANE AERO, AS",2000-04,1.53,70.4,78.3,62.5
ASN00040842,"BRISBANE AERO, AS",2000-05,2.08,65.2,73.7,56.6
ASN00040842,"BRISBANE AERO, AS",2000-06,1.61,58.8,69.1,48.5
ASN00040842,"BRISBANE AERO, AS",2000-07,0.97,57.7,70.1,45.3
ASN00040842,"BRISBANE AERO, AS",2000-08,1.02,59.8,72.2,47.4
ASN00040842,"BRISBANE AERO, AS",2000-09,0.03,65.6,77.1,54.1
ASN00040842,"BRISBANE AERO, AS",2000-10,2.17,69.3,77.8,60.8
ASN00040842,"BRISBANE AERO, AS",2000-11,4.19,70.6,78.1,63.1
ASN00040842,"BRISBANE AERO, AS",2000-12,2.1,75.5,83.1,67.9
ASN00040842,"BRISBANE AERO, AS",2001-01,1.86,76.9,84,69.7
ASN00040842,"BRISBANE AERO, AS",2001-02,6.83,75.1,82.7,67.5
ASN00040842,"BRISBANE AERO, AS",2001-03,6.08,76.5,84.3,68.8
ASN00040842,"BRISBANE AERO, AS",2001-04,1.32,70.3,78.9,61.6
ASN00040842,"BRISBANE AERO, AS",2001-05,1.46,63.8,74.5,53.1
ASN00040842,"BRISBANE AERO, AS",2001-06,0.68,62,72.6,51.5
ASN00040842,"BRISBANE AERO, AS",2001-07,1.13,59.3,70.7,47.8
ASN00040842,"BRISBANE AERO, AS",2001-08,0.47,59.7,71.8,47.6
ASN00040842,"BRISBANE AERO, AS",2001-09,0.5,64.4,75.6,53.1
ASN00040842,"BRISBANE AERO, AS",2001-10,3.65,69.5,80.1,58.9
ASN00040842,"BRISBANE AERO, AS",2001-11,8.37,71.6,79.8,63.5
ASN00040842,"BRISBANE AERO, AS",2001-12,3.06,76.9,84.7,69.2
ASN00040842,"BRISBANE AERO, AS",2002-01,2.39,78.1,86.3,69.8
ASN00040842,"BRISBANE AERO, AS",2002-02,1.82,78.2,86.3,70.1
ASN00040842,"BRISBANE AERO, AS",2002-03,2.28,74.6,83.4,65.9
ASN00040842,"BRISBANE AERO, AS",2002-04,1.94,70.7,80.2,61.2
ASN00040842,"BRISBANE AERO, AS",2002-05,2.53,64.1,74.1,54.2
ASN00040842,"BRISBANE AERO, AS",2002-06,2.67,60.8,71.6,50.1
ASN00040842,"BRISBANE AERO, AS",2002-07,0.04,56.9,71,42.8
ASN00040842,"BRISBANE AERO, AS",2002-08,3.98,60.1,70.5,49.7
ASN00040842,"BRISBANE AERO, AS",2002-09,0.85,66.1,76.6,55.6
ASN00040842,"BRISBANE AERO, AS",2002-10,1.59,69.2,78.9,59.6
ASN00040842,"BRISBANE AERO, AS",2002-11,1.51,72.5,80.6,64.4
ASN00040842,"BRISBANE AERO, AS",2002-12,6.98,75.3,83.5,67.1
ASN00040842,"BRISBANE AERO, AS",2003-01,0.37,75.5,83.6,67.5
ASN00040842,"BRISBANE AERO, AS",2003-02,8.32,76.3,82.6,70.1
ASN00040842,"BRISBANE AERO, AS",2003-03,4.04,72.9,80.4,65.4
ASN00040842,"BRISBANE AERO, AS",2003-04,2.02,69.6,78.1,61.2
ASN00040842,"BRISBANE AERO, AS",2003-05,5.02,64.6,74.4,54.8
ASN00040842,"BRISBANE AERO, AS",2003-06,3.17,61.4,71.3,51.6
ASN00040842,"BRISBANE AERO, AS",2003-07,1.59,58.7,69.1,48.3
ASN00040842,"BRISBANE AERO, AS",2003-08,1.01,60.4,70.9,49.9
ASN00040842,"BRISBANE AERO, AS",2003-09,0.23,66.7,79.3,54.1
ASN00040842,"BRISBANE AERO, AS",2003-10,2.59,68.1,77.8,58.4
ASN00040842,"BRISBANE AERO, AS",2003-11,1.83,70.6,79.8,61.4
ASN00040842,"BRISBANE AERO, AS",2003-12,5.53,75.4,82.4,68.5
ASN00040842,"BRISBANE AERO, AS",2004-01,11.21,79.1,86.3,72
ASN00040842,"BRISBANE AERO, AS",2004-02,4.76,79,86.4,71.6
ASN00040842,"BRISBANE AERO, AS",2004-03,5.7,75,82.2,67.9
ASN00040842,"BRISBANE AERO, AS",2004-04,1.87,70.8,78.9,62.7
ASN00040842,"BRISBANE AERO, AS",2004-05,0.5,63.3,75,51.6
ASN00040842,"BRISBANE AERO, AS",2004-06,0.22,60.5,72.4,48.6
ASN00040842,"BRISBANE AERO, AS",2004-07,0.16,59.4,71.2,47.5
ASN00040842,"BRISBANE AERO, AS",2004-08,0.44,60.1,72.9,47.4
ASN00040842,"BRISBANE AERO, AS",2004-09,1.31,64,74.9,53
ASN00040842,"BRISBANE AERO, AS",2004-10,1.64,70.9,80.3,61.5
ASN00040842,"BRISBANE AERO, AS",2004-11,4.78,72.5,81.2,63.9
ASN00040842,"BRISBANE AERO, AS",2004-12,9.98,75.1,82.6,67.7
ASN00040842,"BRISBANE AERO, AS",2005-01,2.8,77.2,84.3,70.1
ASN00040842,"BRISBANE AERO, AS",2005-02,1.33,77.9,85.4,70.4
ASN00040842,"BRISBANE AERO, AS",2005-03,0.78,73.5,82.6,64.3
ASN00040842,"BRISBANE AERO, AS",2005-04,3.3,71.1,79.6,62.5
ASN00040842,"BRISBANE AERO, AS",2005-05,2.11,64.5,74.5,54.4
ASN00040842,"BRISBANE AERO, AS",2005-06,6.54,61.8,70.3,53.2
ASN00040842,"BRISBANE AERO, AS",2005-07,0.6,60.5,70.9,50
ASN00040842,"BRISBANE AERO, AS",2005-08,1.02,60,71.5,48.6
ASN00040842,"BRISBANE AERO, AS",2005-09,0.87,64.9,75.4,54.3
ASN00040842,"BRISBANE AERO, AS",2005-10,5.25,71.6,79.5,63.6
ASN00040842,"BRISBANE AERO, AS",2005-11,4.93,73.8,80.7,67
ASN00040842,"BRISBANE AERO, AS",2005-12,4.8,78.7,86.8,70.6
ASN00040842,"BRISBANE AERO, AS",2006-01,6.63,78.8,85.3,72.3
ASN00040842,"BRISBANE AERO, AS",2006-02,1.96,78.7,86,71.4
ASN00040842,"BRISBANE AERO, AS",2006-03,2.99,74.3,81.6,67.1
ASN00040842,"BRISBANE AERO, AS",2006-04,0.59,70.6,80.5,60.7
ASN00040842,"BRISBANE AERO, AS",2006-05,0.37,64.1,76.1,52.1
ASN00040842,"BRISBANE AERO, AS",2006-06,2.39,60.4,69.9,50.8
ASN00040842,"BRISBANE AERO, AS",2006-07,1.12,60.3,71.5,49.1
ASN00040842,"BRISBANE AERO, AS",2006-08,1.01,61.2,73.1,49.2
ASN00040842,"BRISBANE AERO, AS",2006-09,1.51,65.3,74.3,56.3
ASN00040842,"BRISBANE AERO, AS",2006-10,0.35,68.8,77.3,60.2
ASN00040842,"BRISBANE AERO, AS",2006-11,2.21,71.7,80,63.4
ASN00040842,"BRISBANE AERO, AS",2006-12,2.96,72.6,80,65.1
ASN00040842,"BRISBANE AERO, AS",2007-01,4.06,77.3,84.1,70.5
ASN00040842,"BRISBANE AERO, AS",2007-02,4.69,76,82.8,69.2
ASN00040842,"BRISBANE AERO, AS",2007-03,1.05,76.5,84.4,68.5
ASN00040842,"BRISBANE AERO, AS",2007-04,0.5,70.6,80,61.1
ASN00040842,"BRISBANE AERO, AS",2007-05,2.87,68.3,77.6,59
ASN00040842,"BRISBANE AERO, AS",2007-06,4.36,59.9,68.3,51.5
ASN00040842,"BRISBANE AERO, AS",2007-07,0.04,56.6,69.5,43.6
ASN00040842,"BRISBANE AERO, AS",2007-08,4.24,61.6,72.2,51
ASN00040842,"BRISBANE AERO, AS",2007-09,1.53,65.2,75.3,55
ASN00040842,"BRISBANE AERO, AS",2007-10,1.76,70.9,79.5,62.3
ASN00040842,"BRISBANE AERO, AS",2007-11,2.49,71.9,78.6,65.1
ASN00040842,"BRISBANE AERO, AS",2007-12,2.2,75.5,82.2,68.8
ASN00040842,"BRISBANE AERO, AS",2008-01,5.39,76.8,82.8,70.8
ASN00040842,"BRISBANE AERO, AS",2008-02,8,75.6,82.3,69
ASN00040842,"BRISBANE AERO, AS",2008-03,1.6,71.5,79.7,63.4
ASN00040842,"BRISBANE AERO, AS",2008-04,0.74,67.4,77.5,57.3
ASN00040842,"BRISBANE AERO, AS",2008-05,2.25,63.4,74.3,52.5
ASN00040842,"BRISBANE AERO, AS",2008-06,5.46,62.6,72.2,53
ASN00040842,"BRISBANE AERO, AS",2008-07,3.96,58.7,68.2,49.3
ASN00040842,"BRISBANE AERO, AS",2008-08,0.35,57.5,69.5,45.4
ASN00040842,"BRISBANE AERO, AS",2008-09,2.49,66,74.3,57.6
ASN00040842,"BRISBANE AERO, AS",2008-10,1.8,68.4,76.9,59.8
ASN00040842,"BRISBANE AERO, AS",2008-11,8.97,73.6,81.4,65.8
ASN00040842,"BRISBANE AERO, AS",2008-12,2.02,76.2,83.8,68.6
ASN00040842,"BRISBANE AERO, AS",2009-01,3.01,77.4,84.5,70.3
ASN00040842,"BRISBANE AERO, AS",2009-02,6.04,76.9,83.7,70
ASN00040842,"BRISBANE AERO, AS",2009-03,2.26,75.1,82.7,67.5
ASN00040842,"BRISBANE AERO, AS",2009-04,7.51,71.2,79.6,62.8
ASN00040842,"BRISBANE AERO, AS",2009-05,10.94,64.7,73.8,55.7
ASN00040842,"BRISBANE AERO, AS",2009-06,3.72,60.5,70,51.1
ASN00040842,"BRISBANE AERO, AS",2009-07,0.16,58.7,69.5,47.9
ASN00040842,"BRISBANE AERO, AS",2009-08,0.07,63.4,74.6,52.2
ASN00040842,"BRISBANE AERO, AS",2009-09,0.43,66.4,78.2,54.7
ASN00040842,"BRISBANE AERO, AS",2009-10,2.5,69.3,80.1,58.5
ASN00040842,"BRISBANE AERO, AS",2009-11,1.22,74.8,82.4,67.2
ASN00040842,"BRISBANE AERO, AS",2009-12,8.71,77.4,84,70.8
ASN00040842,"BRISBANE AERO, AS",2010-01,2.09,78.1,85.4,70.7
ASN00040842,"BRISBANE AERO, AS",2010-02,4.68,77.8,84.4,71.2
ASN00040842,"BRISBANE AERO, AS",2010-03,7.93,74.7,81.2,68.1
ASN00040842,"BRISBANE AERO, AS",2010-04,3.71,71,78.9,63.2
ASN00040842,"BRISBANE AERO, AS",2010-05,2.03,64.9,74.3,55.5
ASN00040842,"BRISBANE AERO, AS",2010-06,0.5,60.3,70.1,50.6
ASN00040842,"BRISBANE AERO, AS",2010-07,1.42,60.7,69.2,52.2
ASN00040842,"BRISBANE AERO, AS",2010-08,4.26,59.9,69.6,50.2
ASN00040842,"BRISBANE AERO, AS",2010-09,3.03,66.5,74.2,58.7
ASN00040842,"BRISBANE AERO, AS",2010-10,13.28,67.3,74.5,60.2
ASN00040842,"BRISBANE AERO, AS",2010-11,2.09,72.3,78.7,65.9
ASN00040842,"BRISBANE AERO, AS",2010-12,19.66,74.6,80.3,68.9
ASN00040842,"BRISBANE AERO, AS",2011-01,13.65,76.5,83,70.1
ASN00040842,"BRISBANE AERO, AS",2011-02,3.14,77.7,84.6,70.9
ASN00040842,"BRISBANE AERO, AS",2011-03,7.43,75.2,82,68.4
ASN00040842,"BRISBANE AERO, AS",2011-04,3.73,69.9,77.5,62.4
ASN00040842,"BRISBANE AERO, AS",2011-05,1.74,62.9,72.3,53.6
ASN00040842,"BRISBANE AERO, AS",2011-06,0.29,58.8,68.6,49.1
ASN00040842,"BRISBANE AERO, AS",2011-07,0.47,57.9,69.5,46.4
ASN00040842,"BRISBANE AERO, AS",2011-08,3.86,60.8,71,50.5
ASN00040842,"BRISBANE AERO, AS",2011-09,0.65,63.6,74.6,52.6
ASN00040842,"BRISBANE AERO, AS",2011-10,4.06,67.9,76.4,59.4
ASN00040842,"BRISBANE AERO, AS",2011-11,0.61,74.5,81.5,67.5
ASN00040842,"BRISBANE AERO, AS",2011-12,4.57,72.2,79.6,64.8
ASN00040842,"BRISBANE AERO, AS",2012-01,13.65,75.5,82.1,69
ASN00040842,"BRISBANE AERO, AS",2012-02,6.08,76.4,83,69.7
ASN00040842,"BRISBANE AERO, AS",2012-03,6.16,74,81.1,66.8
ASN00040842,"BRISBANE AERO, AS",2012-04,7.56,69.6,77.6,61.6
ASN00040842,"BRISBANE AERO, AS",2012-05,1.44,63.4,73.4,53.5
ASN00040842,"BRISBANE AERO, AS",2012-06,5.93,60.6,68.9,52.4
ASN00040842,"BRISBANE AERO, AS",2012-07,1.91,59.5,68.8,50.2
ASN00040842,"BRISBANE AERO, AS",2012-08,0,59.7,72.1,47.3
ASN00040842,"BRISBANE AERO, AS",2012-09,0.31,65.2,75.6,54.8
ASN00040842,"BRISBANE AERO, AS",2012-10,0.69,68.2,77.8,58.5
ASN00040842,"BRISBANE AERO, AS",2012-11,4.45,72.3,80.4,64.2
ASN00040842,"BRISBANE AERO, AS",2012-12,1.53,77,84.9,69.1
ASN00040842,"BRISBANE AERO, AS",2013-01,9.56,79.1,85.4,72.8
ASN00040842,"BRISBANE AERO, AS",2013-02,8.17,75,81.6,68.4
ASN00040842,"BRISBANE AERO, AS",2013-03,7.12,74.2,81.1,67.4
ASN00040842,"BRISBANE AERO, AS",2013-04,6,69.3,77.7,61
ASN00040842,"BRISBANE AERO, AS",2013-05,3.06,63.9,72.8,55
ASN00040842,"BRISBANE AERO, AS",2013-06,3.15,60.8,68.8,52.8
ASN00040842,"BRISBANE AERO, AS",2013-07,3.45,61.6,69.4,53.7
ASN00040842,"BRISBANE AERO, AS",2013-08,0,61.9,74,49.7
ASN00040842,"BRISBANE AERO, AS",2013-09,1,67.8,77.8,57.8
ASN00040842,"BRISBANE AERO, AS",2013-10,0.37,71,80.2,61.8
ASN00040842,"BRISBANE AERO, AS",2013-11,4.37,72.3,80.3,64.4
ASN00040842,"BRISBANE AERO, AS",2013-12,1.29,74.4,82.2,66.5
ASN00040842,"BRISBANE AERO, AS",2014-01,4.04,77.7,84.5,71
ASN00040842,"BRISBANE AERO, AS",2014-02,0.6,77.3,84.2,70.3
ASN00040842,"BRISBANE AERO, AS",2014-03,4.04,75.3,82.5,68.1
ASN00040842,"BRISBANE AERO, AS",2014-04,0.54,71.6,80.7,62.6
ASN00040842,"BRISBANE AERO, AS",2014-05,1.35,66.1,75.1,57
ASN00040842,"BRISBANE AERO, AS",2014-06,0.54,62.9,72.6,53.3
ASN00040842,"BRISBANE AERO, AS",2014-07,0.61,58,70.3,45.6
ASN00040842,"BRISBANE AERO, AS",2014-08,3.84,61.3,71,51.6
ASN00040842,"BRISBANE AERO, AS",2014-09,0.98,64.5,74.9,54.1
ASN00040842,"BRISBANE AERO, AS",2014-10,0.18,69.8,78.8,60.8
ASN00040842,"BRISBANE AERO, AS",2014-11,3.31,76.1,82.5,69.6
ASN00040842,"BRISBANE AERO, AS",2014-12,4.91,76.7,83.5,70
ASN00040842,"BRISBANE AERO, AS",2015-01,7.61,78.6,84.9,72.3
ASN00040842,"BRISBANE AERO, AS",2015-02,11.21,76.2,83.1,69.3
ASN00040842,"BRISBANE AERO, AS",2015-03,2.3,76.8,83.7,70
ASN00040842,"BRISBANE AERO, AS",2015-04,8.51,69.8,78,61.7
ASN00040842,"BRISBANE AERO, AS",2015-05,7.8,65.3,74.9,55.7
ASN00040842,"BRISBANE AERO, AS",2015-06,1.95,61.7,70.2,53.1
ASN00040842,"BRISBANE AERO, AS",2015-07,0.45,58.7,68.5,48.9
ASN00040842,"BRISBANE AERO, AS",2015-08,1.2,61.5,72.1,50.8
ASN00040842,"BRISBANE AERO, AS",2015-09,1.66,63.7,73.9,53.5
ASN00040842,"BRISBANE AERO, AS",2015-10,2.16,69.4,78,60.9
ASN00040842,"BRISBANE AERO, AS",2015-11,3.05,73.9,81.1,66.8
ASN00040842,"BRISBANE AERO, AS",2015-12,1.96,74.9,82.4,67.4
ASN00040842,"BRISBANE AERO, AS",2016-01,3.4,76.2,83.7,68.6
ASN00040842,"BRISBANE AERO, AS",2016-02,0.94,78.7,86.4,71
ASN00040842,"BRISBANE AERO, AS",2016-03,4.53,76.2,83.7,68.7
ASN00040842,"BRISBANE AERO, AS",2016-04,0.45,72.5,81.1,63.9
ASN00040842,"BRISBANE AERO, AS",2016-05,1.06,67.7,78,57.4
ASN00040842,"BRISBANE AERO, AS",2016-06,6.28,62.4,70.1,54.6
ASN00040842,"BRISBANE AERO, AS",2016-07,0.82,61.6,70.7,52.6
ASN00040842,"BRISBANE AERO, AS",2016-08,1,61.6,71.4,51.8
ASN00040842,"BRISBANE AERO, AS",2016-09,3.13,66.8,75.1,58.4
ASN00040842,"BRISBANE AERO, AS",2016-10,1.17,68.1,78.1,58
ASN00040842,"BRISBANE AERO, AS",2016-11,6.28,73.8,82,65.6
ASN00040842,"BRISBANE AERO, AS",2016-12,4.29,76.4,82.4,70.3
ASN00040842,"BRISBANE AERO, AS",2017-01,2.79,79.3,85.7,73
ASN00040842,"BRISBANE AERO, AS",2017-02,0.88,79.9,87.4,72.3
ASN00040842,"BRISBANE AERO, AS",2017-03,11.79,77.7,84.6,70.8
ASN00040842,"BRISBANE AERO, AS",2017-04,0.13,68.6,77.3,60
ASN00040842,"BRISBANE AERO, AS",2017-05,1.38,66.2,74.5,58
ASN00040842,"BRISBANE AERO, AS",2017-06,3.73,62.8,72,53.6
ASN00040842,"BRISBANE AERO, AS",2017-07,0.97,59.8,71.1,48.5
ASN00040842,"BRISBANE AERO, AS",2017-08,0.25,62.2,74,50.5
ASN00040842,"BRISBANE AERO, AS",2017-09,0.12,67.2,78.2,56.1
ASN00040842,"BRISBANE AERO, AS",2017-10,5.35,71.6,78,65.3
ASN00040842,"BRISBANE AERO, AS",2017-11,3.57,71,78.8,63.2
ASN00040842,"BRISBANE AERO, AS",2017-12,2.91,76.8,84.4,69.2
ASN00040842,"BRISBANE AERO, AS",2018-01,0.95,78.6,87,70.2
ASN00040842,"BRISBANE AERO, AS",2018-02,8.85,76.5,83.6,69.4
ASN00040842,"BRISBANE AERO, AS",2018-03,6.77,75.3,81.7,69
ASN00040842,"BRISBANE AERO, AS",2018-04,1.46,71.8,79.8,63.8
ASN00040842,"BRISBANE AERO, AS",2018-05,1.37,65.2,74.9,55.5
ASN00040842,"BRISBANE AERO, AS",2018-06,1.25,60.8,70.8,50.7
ASN00040842,"BRISBANE AERO, AS",2018-07,0.61,60.5,71.5,49.5
ASN00040842,"BRISBANE AERO, AS",2018-08,0.8,60.4,73.1,47.7
ASN00040842,"BRISBANE AERO, AS",2018-09,1.64,64.6,74.1,55.2
ASN00040842,"BRISBANE AERO, AS",2018-10,4.94,69.1,76.5,61.6
ASN00040842,"BRISBANE AERO, AS",2018-11,0.72,74,83.1,64.9
ASN00040842,"BRISBANE AERO, AS",2018-12,1.26,76.4,83.3,69.5
