STATION,NAME,DATE,PRCP,SNOW,TAVG,TMAX,TMIN
USW00023062,"DENVER STAPLETON, CO US",1950-01,0.47,8.9,29.4,45,13.7
USW00023062,"DENVER STAPLETON, CO US",1950-02,0.2,3,38.6,52.6,24.6
USW00023062,"DENVER STAPLETON, CO US",1950-03,0.31,5.4,38.1,52.4,23.8
USW00023062,"DENVER STAPLETON, CO US",1950-04,2.98,9,47.6,62,33.3
USW00023062,"DENVER STAPLETON, CO US",1950-05,2.8,13.7,53,65.6,40.3
USW00023062,"DENVER STAPLETON, CO US",1950-06,3.32,0,66.6,81.1,52.1
USW00023062,"DENVER STAPLETON, CO US",1950-07,0.57,0,68.9,81.8,55.9
USW00023062,"DENVER STAPLETON, CO US",1950-08,0.27,0,68.9,83,54.8
USW00023062,"DENVER STAPLETON, CO US",1950-09,1.59,0,60.5,73,48
USW00023062,"DENVER STAPLETON, CO US",1950-10,0.12,0,59.9,76.7,43.1
USW00023062,"DENVER STAPLETON, CO US",1950-11,1,11.9,39.1,53.2,25
USW00023062,"DENVER STAPLETON, CO US",1950-12,0.32,5.9,36.3,50.5,22.1
USW00023062,"DENVER STAPLETON, CO US",1951-01,0.83,15.7,26.8,39.1,14.6
USW00023062,"DENVER STAPLETON, CO US",1951-02,0.78,10.5,33.9,47.2,20.6
USW00023062,"DENVER STAPLETON, CO US",1951-03,1.48,17.6,35.8,49.5,22.1
USW00023062,"DENVER STAPLETON, CO US",1951-04,2.02,12.9,43.8,55.8,31.8
USW00023062,"DENVER STAPLETON, CO US",1951-05,1.78,0,57.2,70.1,44.3
USW00023062,"DENVER STAPLETON, CO US",1951-06,2.28,0.3,60.9,73.5,48.3
USW00023062,"DENVER STAPLETON, CO US",1951-07,0.83,0,73.4,87.9,59
USW00023062,"DENVER STAPLETON, CO US",1951-08,4.47,0,70.6,83.9,57.3
USW00023062,"DENVER STAPLETON, CO US",1951-09,0.97,4.2,61.4,76.5,46.4
USW00023062,"DENVER STAPLETON, CO US",1951-10,2.16,8.1,48.2,61.2,35.2
USW00023062,"DENVER STAPLETON, CO US",1951-11,1.17,14.4,38.1,51.7,24.5
USW00023062,"DENVER STAPLETON, CO US",1951-12,0.69,11.2,29,41.1,16.8
USW00023062,"DENVER STAPLETON, CO US",1952-01,0.01,0.3,34.9,48.4,21.3
USW00023062,"DENVER STAPLETON, CO US",1952-02,0.68,10.2,34.9,48.4,21.5
USW00023062,"DENVER STAPLETON, CO US",1952-03,2.13,25.3,33.7,46.1,21.4
USW00023062,"DENVER STAPLETON, CO US",1952-04,2.75,11.2,48.2,61.3,35.1
USW00023062,"DENVER STAPLETON, CO US",1952-05,3.07,0,56.7,69.1,44.4
USW00023062,"DENVER STAPLETON, CO US",1952-06,0.13,0,72,87.3,56.7
USW00023062,"DENVER STAPLETON, CO US",1952-07,1.06,0,73.1,87.6,58.6
USW00023062,"DENVER STAPLETON, CO US",1952-08,1.41,0,72.2,86.2,58.2
USW00023062,"DENVER STAPLETON, CO US",1952-09,0.54,0,65.6,80.7,50.4
USW00023062,"DENVER STAPLETON, CO US",1952-10,0.18,1.2,53.3,69.3,37.3
USW00023062,"DENVER STAPLETON, CO US",1952-11,1.31,14.6,32.3,44.9,19.8
USW00023062,"DENVER STAPLETON, CO US",1952-12,0.19,3.1,32.5,44.5,20.6
USW00023062,"DENVER STAPLETON, CO US",1953-01,0.39,7.4,39.6,52.9,26.3
USW00023062,"DENVER STAPLETON, CO US",1953-02,1.39,16.5,32.7,45.8,19.6
USW00023062,"DENVER STAPLETON, CO US",1953-03,1.15,11.8,43.6,57.7,29.4
USW00023062,"DENVER STAPLETON, CO US",1953-04,1.3,12,42.8,54.8,30.7
USW00023062,"DENVER STAPLETON, CO US",1953-05,2.67,1.7,53.5,65.8,41.1
USW00023062,"DENVER STAPLETON, CO US",1953-06,1.46,0.5,69.7,84.2,55.1
USW00023062,"DENVER STAPLETON, CO US",1953-07,1.98,0,74,87.1,60.9
USW00023062,"DENVER STAPLETON, CO US",1953-08,1.26,0,71.2,84.6,57.8
USW00023062,"DENVER STAPLETON, CO US",1953-09,0.2,0,66,81.5,50.5
USW00023062,"DENVER STAPLETON, CO US",1953-10,0.44,0.1,54.4,68,40.7
USW00023062,"DENVER STAPLETON, CO US",1953-11,1,7.2,43.1,56.1,30.1
USW00023062,"DENVER STAPLETON, CO US",1953-12,1.02,14.4,31.4,44.2,18.6
USW00023062,"DENVER STAPLETON, CO US",1954-01,0.23,2.7,36.3,50.2,22.3
USW00023062,"DENVER STAPLETON, CO US",1954-02,0.04,0.6,43.7,59.6,27.8
USW00023062,"DENVER STAPLETON, CO US",1954-03,0.5,6.3,35.3,48.8,21.8
USW00023062,"DENVER STAPLETON, CO US",1954-04,0.89,7.6,53.5,68.7,38.4
USW00023062,"DENVER STAPLETON, CO US",1954-05,0.6,2.6,57.2,70.1,44.2
USW00023062,"DENVER STAPLETON, CO US",1954-06,0.66,0,69.3,85.2,53.4
USW00023062,"DENVER STAPLETON, CO US",1954-07,1.99,0,76.7,90.7,62.8
USW00023062,"DENVER STAPLETON, CO US",1954-08,0.51,0,72.7,86.9,58.5
USW00023062,"DENVER STAPLETON, CO US",1954-09,0.77,0,65.7,79.6,51.8
USW00023062,"DENVER STAPLETON, CO US",1954-10,0.06,0.4,52.5,67.3,37.7
USW00023062,"DENVER STAPLETON, CO US",1954-11,0.57,3.9,44.3,58.4,30.2
USW00023062,"DENVER STAPLETON, CO US",1954-12,0.71,8.6,34.6,49,20.3
USW00023062,"DENVER STAPLETON, CO US",1955-01,0.23,3.5,27.2,38.8,15.6
USW00023062,"DENVER STAPLETON, CO US",1955-02,0.85,12.2,27.1,40.1,14.1
USW00023062,"DENVER STAPLETON, CO US",1955-03,1.14,19.6,36.4,50.4,22.5
USW00023062,"DENVER STAPLETON, CO US",1955-04,0.48,4.9,50.1,64.9,35.3
USW00023062,"DENVER STAPLETON, CO US",1955-05,2.47,0,59,72.5,45.4
USW00023062,"DENVER STAPLETON, CO US",1955-06,1.39,0,63.9,77.2,50.7
USW00023062,"DENVER STAPLETON, CO US",1955-07,2.99,0,75.5,90.4,60.6
USW00023062,"DENVER STAPLETON, CO US",1955-08,2.42,0,73,86.1,59.9
USW00023062,"DENVER STAPLETON, CO US",1955-09,2.72,0.3,63.8,77.9,49.8
USW00023062,"DENVER STAPLETON, CO US",1955-10,0.66,4.1,53.9,69.5,38.4
USW00023062,"DENVER STAPLETON, CO US",1955-11,0.56,7.3,36.1,49,23.3
USW00023062,"DENVER STAPLETON, CO US",1955-12,0.15,2.9,35.4,48.6,22.2
USW00023062,"DENVER STAPLETON, CO US",1956-01,0.39,6.3,34,46.9,21
USW00023062,"DENVER STAPLETON, CO US",1956-02,0.77,10.5,27.7,40.5,14.9
USW00023062,"DENVER STAPLETON, CO US",1956-03,0.89,13,40,53.6,26.5
USW00023062,"DENVER STAPLETON, CO US",1956-04,0.72,3.7,45.5,58.5,32.4
USW00023062,"DENVER STAPLETON, CO US",1956-05,2.36,0,60.9,74.1,47.6
USW00023062,"DENVER STAPLETON, CO US",1956-06,0.44,0,73.4,88.6,58.2
USW00023062,"DENVER STAPLETON, CO US",1956-07,4.17,0,72.2,85.6,58.8
USW00023062,"DENVER STAPLETON, CO US",1956-08,1.84,0,69.7,82.9,56.6
USW00023062,"DENVER STAPLETON, CO US",1956-09,0.01,0,65.5,81.3,49.7
USW00023062,"DENVER STAPLETON, CO US",1956-10,0.27,0.6,55.9,71.5,40.2
USW00023062,"DENVER STAPLETON, CO US",1956-11,1.25,21.3,37.1,49.6,24.7
USW00023062,"DENVER STAPLETON, CO US",1956-12,0.62,6.3,35.7,48,23.3
USW00023062,"DENVER STAPLETON, CO US",1957-01,0.33,5.3,25.8,38.2,13.3
USW00023062,"DENVER STAPLETON, CO US",1957-02,0.73,1.6,40.7,54.6,26.8
USW00023062,"DENVER STAPLETON, CO US",1957-03,1.09,8.9,39,51.4,26.6
USW00023062,"DENVER STAPLETON, CO US",1957-04,4.13,25.5,41.4,52.6,30.2
USW00023062,"DENVER STAPLETON, CO US",1957-05,7.31,8.8,53.9,64.6,43.2
USW00023062,"DENVER STAPLETON, CO US",1957-06,1.09,0,65.8,79.3,52.4
USW00023062,"DENVER STAPLETON, CO US",1957-07,1.3,0,73.5,86.5,60.5
USW00023062,"DENVER STAPLETON, CO US",1957-08,2.04,0,72.6,85.8,59.4
USW00023062,"DENVER STAPLETON, CO US",1957-09,0.42,0,61.4,75.9,46.8
USW00023062,"DENVER STAPLETON, CO US",1957-10,2.63,3.9,51.4,62.1,40.7
USW00023062,"DENVER STAPLETON, CO US",1957-11,0.49,3.1,36.8,47.6,26
USW00023062,"DENVER STAPLETON, CO US",1957-12,0.06,0.8,39.6,54,25.1
USW00023062,"DENVER STAPLETON, CO US",1958-01,0.74,8.9,32.9,46.5,19.3
USW00023062,"DENVER STAPLETON, CO US",1958-02,1,12,37.4,50.1,24.6
USW00023062,"DENVER STAPLETON, CO US",1958-03,1.48,14.4,32.8,42.5,23.1
USW00023062,"DENVER STAPLETON, CO US",1958-04,1.74,14.1,44.5,55.8,33.3
USW00023062,"DENVER STAPLETON, CO US",1958-05,4.46,0,61.7,74.3,49.1
USW00023062,"DENVER STAPLETON, CO US",1958-06,1.47,0,68.1,81.8,54.4
USW00023062,"DENVER STAPLETON, CO US",1958-07,3.51,0,70.3,83.3,57.3
USW00023062,"DENVER STAPLETON, CO US",1958-08,1.17,0,73.6,87.2,59.9
USW00023062,"DENVER STAPLETON, CO US",1958-09,1.52,0,64.4,78.7,50
USW00023062,"DENVER STAPLETON, CO US",1958-10,0.37,2.6,53.9,67.6,40.1
USW00023062,"DENVER STAPLETON, CO US",1958-11,0.74,9.7,40.6,55.1,26.1
USW00023062,"DENVER STAPLETON, CO US",1958-12,0.65,7.7,35.8,48.1,23.5
USW00023062,"DENVER STAPLETON, CO US",1959-01,1.24,17.4,30,42.8,17.2
USW00023062,"DENVER STAPLETON, CO US",1959-02,1.31,17.5,30.2,41.2,19.2
USW00023062,"DENVER STAPLETON, CO US",1959-03,2.85,26.8,37.6,49.7,25.5
USW00023062,"DENVER STAPLETON, CO US",1959-04,1.35,17.6,45.6,58.7,32.5
USW00023062,"DENVER STAPLETON, CO US",1959-05,3.33,0,56.2,67.9,44.5
USW00023062,"DENVER STAPLETON, CO US",1959-06,0.44,0,70.9,85.2,56.5
USW00023062,"DENVER STAPLETON, CO US",1959-07,0.83,0,72.6,87.2,58
USW00023062,"DENVER STAPLETON, CO US",1959-08,0.25,0,73,86.2,59.8
USW00023062,"DENVER STAPLETON, CO US",1959-09,1.82,12.9,61.1,74.7,47.4
USW00023062,"DENVER STAPLETON, CO US",1959-10,2.47,11.8,48.1,61.1,35
USW00023062,"DENVER STAPLETON, CO US",1959-11,0.4,5.3,37.6,53.1,22.1
USW00023062,"DENVER STAPLETON, CO US",1959-12,0.26,2.7,36.5,49.6,23.4
USW00023062,"DENVER STAPLETON, CO US",1960-01,0.77,10.7,27.6,39.8,15.3
USW00023062,"DENVER STAPLETON, CO US",1960-02,1.66,18.3,24.8,35.8,13.8
USW00023062,"DENVER STAPLETON, CO US",1960-03,0.89,9,38.1,50.3,25.9
USW00023062,"DENVER STAPLETON, CO US",1960-04,2.56,9.3,50.5,64,36.9
USW00023062,"DENVER STAPLETON, CO US",1960-05,2.27,0,57.2,70.3,44
USW00023062,"DENVER STAPLETON, CO US",1960-06,0.63,0,68.3,82.4,54.2
USW00023062,"DENVER STAPLETON, CO US",1960-07,1.31,0,73.1,86.9,59.4
USW00023062,"DENVER STAPLETON, CO US",1960-08,0.06,0,73.4,89.7,57.1
USW00023062,"DENVER STAPLETON, CO US",1960-09,0.38,0,65,80.8,49.2
USW00023062,"DENVER STAPLETON, CO US",1960-10,2.46,4.6,52,66.1,37.9
USW00023062,"DENVER STAPLETON, CO US",1960-11,0.49,5.1,39.4,54.3,24.6
USW00023062,"DENVER STAPLETON, CO US",1960-12,1.5,17.8,26.5,38.9,14.1
USW00023062,"DENVER STAPLETON, CO US",1961-01,0.07,1,31.7,44,19.4
USW00023062,"DENVER STAPLETON, CO US",1961-02,0.66,7.8,35.2,48.3,22.1
USW00023062,"DENVER STAPLETON, CO US",1961-03,2.52,29.2,38.9,50.6,27.2
USW00023062,"DENVER STAPLETON, CO US",1961-04,1.07,8.6,46,60.2,31.8
USW00023062,"DENVER STAPLETON, CO US",1961-05,4.12,6.4,55.7,67.5,43.9
USW00023062,"DENVER STAPLETON, CO US",1961-06,1.11,0,66.1,81,51.2
USW00023062,"DENVER STAPLETON, CO US",1961-07,1.6,0,71.5,87.6,55.3
USW00023062,"DENVER STAPLETON, CO US",1961-08,1.21,0,72.1,86.6,57.7
USW00023062,"DENVER STAPLETON, CO US",1961-09,4.67,5.8,56.3,69.3,43.2
USW00023062,"DENVER STAPLETON, CO US",1961-10,0.77,6.2,50,65.2,34.8
USW00023062,"DENVER STAPLETON, CO US",1961-11,0.94,11.5,34.7,47.4,22
USW00023062,"DENVER STAPLETON, CO US",1961-12,0.3,3.8,27.7,40.6,14.7
USW00023062,"DENVER STAPLETON, CO US",1962-01,1.34,17.3,19.5,33.4,5.5
USW00023062,"DENVER STAPLETON, CO US",1962-02,1.06,11.4,29.8,41.4,18.3
USW00023062,"DENVER STAPLETON, CO US",1962-03,0.52,6.8,34.6,46.9,22.3
USW00023062,"DENVER STAPLETON, CO US",1962-04,1.11,10,50.3,64.4,36.2
USW00023062,"DENVER STAPLETON, CO US",1962-05,0.85,0,59.8,75.3,44.2
USW00023062,"DENVER STAPLETON, CO US",1962-06,1.52,0,65.5,80.4,50.6
USW00023062,"DENVER STAPLETON, CO US",1962-07,0.55,0,72.9,89.2,56.5
USW00023062,"DENVER STAPLETON, CO US",1962-08,0.46,0,72.5,89.9,55
USW00023062,"DENVER STAPLETON, CO US",1962-09,0.19,0.7,62.4,79.2,45.6
USW00023062,"DENVER STAPLETON, CO US",1962-10,0.05,0,53.4,70.6,36.2
USW00023062,"DENVER STAPLETON, CO US",1962-11,0.68,5,41.3,55.5,27
USW00023062,"DENVER STAPLETON, CO US",1962-12,0.17,1.2,33.7,49,18.5
USW00023062,"DENVER STAPLETON, CO US",1963-01,0.71,9.1,19.1,33.1,5.1
USW00023062,"DENVER STAPLETON, CO US",1963-02,0.21,2.1,37.3,51.5,23.1
USW00023062,"DENVER STAPLETON, CO US",1963-03,1.42,18,37.3,50.8,23.8
USW00023062,"DENVER STAPLETON, CO US",1963-04,0.03,0.2,50,65.7,34.3
USW00023062,"DENVER STAPLETON, CO US",1963-05,0.69,0,60.9,76.7,45
USW00023062,"DENVER STAPLETON, CO US",1963-06,3.59,0,66.7,82.7,50.7
USW00023062,"DENVER STAPLETON, CO US",1963-07,0.56,0,74.8,91.2,58.4
USW00023062,"DENVER STAPLETON, CO US",1963-08,2.52,0,68.7,81.2,56.2
USW00023062,"DENVER STAPLETON, CO US",1963-09,1.25,0,65.9,81.7,50.1
USW00023062,"DENVER STAPLETON, CO US",1963-10,0.31,1.1,57.9,73.8,42
USW00023062,"DENVER STAPLETON, CO US",1963-11,0.45,3.5,41.7,58,25.4
USW00023062,"DENVER STAPLETON, CO US",1963-12,0.51,5.9,28.5,43.9,13.1
USW00023062,"DENVER STAPLETON, CO US",1964-01,0.26,2.6,30.6,45.5,15.6
USW00023062,"DENVER STAPLETON, CO US",1964-02,1.04,12.7,27.4,39.6,15.1
USW00023062,"DENVER STAPLETON, CO US",1964-03,1.38,18.4,33,45.1,20.9
USW00023062,"DENVER STAPLETON, CO US",1964-04,1.26,12.1,46.6,59.8,33.3
USW00023062,"DENVER STAPLETON, CO US",1964-05,2.53,1,58.8,74.4,43.2
USW00023062,"DENVER STAPLETON, CO US",1964-06,0.82,0,65,79.9,50.1
USW00023062,"DENVER STAPLETON, CO US",1964-07,0.72,0,75.7,92.4,59.1
USW00023062,"DENVER STAPLETON, CO US",1964-08,0.28,0,70.4,86.1,54.6
USW00023062,"DENVER STAPLETON, CO US",1964-09,0.41,0,62.5,78.9,46.1
USW00023062,"DENVER STAPLETON, CO US",1964-10,0.18,0,52.6,70.2,35.1
USW00023062,"DENVER STAPLETON, CO US",1964-11,0.89,6,40,52.3,27.6
USW00023062,"DENVER STAPLETON, CO US",1964-12,0.41,4.4,33.2,46.1,20.3
USW00023062,"DENVER STAPLETON, CO US",1965-01,1,13.2,35,48.8,21.2
USW00023062,"DENVER STAPLETON, CO US",1965-02,1.27,17.1,27.4,40.7,14
USW00023062,"DENVER STAPLETON, CO US",1965-03,1.2,15,29,40.4,17.5
USW00023062,"DENVER STAPLETON, CO US",1965-04,1.06,0.3,51.2,65.3,37.1
USW00023062,"DENVER STAPLETON, CO US",1965-05,1.82,0,57.1,70.6,43.6
USW00023062,"DENVER STAPLETON, CO US",1965-06,4.14,0,63.9,76.3,51.5
USW00023062,"DENVER STAPLETON, CO US",1965-07,6.41,0,72.7,86.8,58.5
USW00023062,"DENVER STAPLETON, CO US",1965-08,1.06,0,70.2,84.4,56
USW00023062,"DENVER STAPLETON, CO US",1965-09,2.58,5.5,55.6,68.1,43.2
USW00023062,"DENVER STAPLETON, CO US",1965-10,0.45,0,55.1,71.9,38.3
USW00023062,"DENVER STAPLETON, CO US",1965-11,0.36,5.5,43.3,59.2,27.4
USW00023062,"DENVER STAPLETON, CO US",1965-12,0.53,5.6,35,49.4,20.6
USW00023062,"DENVER STAPLETON, CO US",1966-01,0.3,3.6,28.5,44,13.1
USW00023062,"DENVER STAPLETON, CO US",1966-02,1.28,14.6,28.4,42.2,14.6
USW00023062,"DENVER STAPLETON, CO US",1966-03,0.32,2.8,42.5,59,25.9
USW00023062,"DENVER STAPLETON, CO US",1966-04,1.46,6.4,44.6,59.7,29.5
USW00023062,"DENVER STAPLETON, CO US",1966-05,0.34,2.9,58.7,74.9,42.4
USW00023062,"DENVER STAPLETON, CO US",1966-06,1.41,0,64.6,79.7,49.5
USW00023062,"DENVER STAPLETON, CO US",1966-07,1.04,0,76.9,92,61.7
USW00023062,"DENVER STAPLETON, CO US",1966-08,2.07,0,70.8,84.9,56.7
USW00023062,"DENVER STAPLETON, CO US",1966-09,1.16,0,65,79.3,50.6
USW00023062,"DENVER STAPLETON, CO US",1966-10,0.96,8.3,52.2,68.4,36
USW00023062,"DENVER STAPLETON, CO US",1966-11,0.32,3,41.4,56.9,26
USW00023062,"DENVER STAPLETON, CO US",1966-12,0.17,1.9,31.8,45.7,18
USW00023062,"DENVER STAPLETON, CO US",1967-01,0.84,9.9,33.9,48.9,19
USW00023062,"DENVER STAPLETON, CO US",1967-02,0.39,4.4,35.1,50.3,19.9
USW00023062,"DENVER STAPLETON, CO US",1967-03,0.79,6.6,42.9,58.5,27.3
USW00023062,"DENVER STAPLETON, CO US",1967-04,3.95,3.6,48.2,63.9,32.5
USW00023062,"DENVER STAPLETON, CO US",1967-05,4.77,3,52.6,66,39.2
USW00023062,"DENVER STAPLETON, CO US",1967-06,4.7,0,60.6,72.8,48.4
USW00023062,"DENVER STAPLETON, CO US",1967-07,3.25,0,69.1,82.3,55.8
USW00023062,"DENVER STAPLETON, CO US",1967-08,0.83,0,68.2,82.9,53.5
USW00023062,"DENVER STAPLETON, CO US",1967-09,0.6,0,62.1,77.5,46.7
USW00023062,"DENVER STAPLETON, CO US",1967-10,1.13,1.7,52.5,68.6,36.3
USW00023062,"DENVER STAPLETON, CO US",1967-11,1.01,9.4,40.5,56.4,24.5
USW00023062,"DENVER STAPLETON, CO US",1967-12,1.07,13.1,26.5,40.5,12.5
USW00023062,"DENVER STAPLETON, CO US",1968-01,0.51,3,29.7,44.1,15.3
USW00023062,"DENVER STAPLETON, CO US",1968-02,0.74,7.3,34.2,47.2,21.2
USW00023062,"DENVER STAPLETON, CO US",1968-03,0.85,9.2,40.6,55.8,25.4
USW00023062,"DENVER STAPLETON, CO US",1968-04,2.39,15.1,42.9,57.8,28.1
USW00023062,"DENVER STAPLETON, CO US",1968-05,0.72,0,53.9,68.6,39.1
USW00023062,"DENVER STAPLETON, CO US",1968-06,0.5,0,67.7,84.6,50.8
USW00023062,"DENVER STAPLETON, CO US",1968-07,1.34,0,71.7,86.4,56.9
USW00023062,"DENVER STAPLETON, CO US",1968-08,2.53,0,68.1,82.1,54.1
USW00023062,"DENVER STAPLETON, CO US",1968-09,0.59,0,60.8,76.6,45.1
USW00023062,"DENVER STAPLETON, CO US",1968-10,0.75,0.4,51.9,68.4,35.3
USW00023062,"DENVER STAPLETON, CO US",1968-11,0.71,5.8,35.7,48.5,23
USW00023062,"DENVER STAPLETON, CO US",1968-12,0.52,6.9,28.9,44.1,13.7
USW00023062,"DENVER STAPLETON, CO US",1969-01,0.17,2.8,34.9,49.8,20.1
USW00023062,"DENVER STAPLETON, CO US",1969-02,0.43,4.2,35.3,49.7,21
USW00023062,"DENVER STAPLETON, CO US",1969-03,1.11,13.3,32.1,44.9,19.4
USW00023062,"DENVER STAPLETON, CO US",1969-04,1.33,0,52.2,66.6,37.8
USW00023062,"DENVER STAPLETON, CO US",1969-05,6.12,0,59.3,71.9,46.7
USW00023062,"DENVER STAPLETON, CO US",1969-06,3,0,61.4,73.7,49.2
USW00023062,"DENVER STAPLETON, CO US",1969-07,1.82,0,74.7,88.8,60.6
USW00023062,"DENVER STAPLETON, CO US",1969-08,0.8,0,73.9,88.8,59.1
USW00023062,"DENVER STAPLETON, CO US",1969-09,1.67,0,64.4,79,49.9
USW00023062,"DENVER STAPLETON, CO US",1969-10,4.17,31.2,38.9,49.4,28.4
USW00023062,"DENVER STAPLETON, CO US",1969-11,0.63,5.2,39,53.4,24.7
USW00023062,"DENVER STAPLETON, CO US",1969-12,0.32,3.1,32.5,46.4,18.6
USW00023062,"DENVER STAPLETON, CO US",1970-01,0.1,0.9,30.6,45.2,15.9
USW00023062,"DENVER STAPLETON, CO US",1970-02,0.01,0.3,38.5,55.5,21.6
USW00023062,"DENVER STAPLETON, CO US",1970-03,1.34,20.5,33.5,46.2,20.8
USW00023062,"DENVER STAPLETON, CO US",1970-04,0.97,4.7,43.7,58.1,29.2
USW00023062,"DENVER STAPLETON, CO US",1970-05,0.64,0,58.8,75.1,42.5
USW00023062,"DENVER STAPLETON, CO US",1970-06,3.84,0,65.2,80.2,50.2
USW00023062,"DENVER STAPLETON, CO US",1970-07,1.68,0,71.9,86.9,57
USW00023062,"DENVER STAPLETON, CO US",1970-08,0.54,0,73.8,89.4,58.3
USW00023062,"DENVER STAPLETON, CO US",1970-09,2.47,4.6,59.5,75.3,43.8
USW00023062,"DENVER STAPLETON, CO US",1970-10,0.88,5.9,45.9,60.5,31.2
USW00023062,"DENVER STAPLETON, CO US",1970-11,1.19,9.3,39.1,53.1,25
USW00023062,"DENVER STAPLETON, CO US",1970-12,0.09,0.9,33.3,49.7,16.8
USW00023062,"DENVER STAPLETON, CO US",1971-01,0.35,8.6,32,45.7,18.4
USW00023062,"DENVER STAPLETON, CO US",1971-02,0.78,11.9,30.5,43.4,17.7
USW00023062,"DENVER STAPLETON, CO US",1971-03,0.53,9.6,38.4,54,22.9
USW00023062,"DENVER STAPLETON, CO US",1971-04,1.99,6,47.8,62.2,33.4
USW00023062,"DENVER STAPLETON, CO US",1971-05,1.34,0,54.1,68.3,40
USW00023062,"DENVER STAPLETON, CO US",1971-06,0.23,0,69,86.4,51.5
USW00023062,"DENVER STAPLETON, CO US",1971-07,1.2,0,70.6,86.2,54.9
USW00023062,"DENVER STAPLETON, CO US",1971-08,0.85,0,72.7,88.6,56.9
USW00023062,"DENVER STAPLETON, CO US",1971-09,2.85,17.2,57.5,72.5,42.4
USW00023062,"DENVER STAPLETON, CO US",1971-10,0.44,3.1,49.4,64.7,34
USW00023062,"DENVER STAPLETON, CO US",1971-11,0.16,1.4,39.1,54.2,24
USW00023062,"DENVER STAPLETON, CO US",1971-12,0.26,8.4,31.9,46.4,17.3
USW00023062,"DENVER STAPLETON, CO US",1972-01,0.36,10.9,30.5,45.9,15
USW00023062,"DENVER STAPLETON, CO US",1972-02,0.44,9.1,36.1,51.9,20.4
USW00023062,"DENVER STAPLETON, CO US",1972-03,0.5,7.1,44.7,61.2,28.3
USW00023062,"DENVER STAPLETON, CO US",1972-04,3.52,17.2,48.5,62.9,34.1
USW00023062,"DENVER STAPLETON, CO US",1972-05,0.5,0,57,71.2,42.8
USW00023062,"DENVER STAPLETON, CO US",1972-06,2.95,0,68.3,82.8,53.7
USW00023062,"DENVER STAPLETON, CO US",1972-07,0.63,0,70.2,85.7,54.8
USW00023062,"DENVER STAPLETON, CO US",1972-08,2.72,0,71,85.3,56.6
USW00023062,"DENVER STAPLETON, CO US",1972-09,2.07,0,62.1,76,48.1
USW00023062,"DENVER STAPLETON, CO US",1972-10,0.82,9.7,52,65.8,38.3
USW00023062,"DENVER STAPLETON, CO US",1972-11,1.7,19.4,32.8,44.5,21.2
USW00023062,"DENVER STAPLETON, CO US",1972-12,0.7,9.8,24.9,37.8,11.9
USW00023062,"DENVER STAPLETON, CO US",1973-01,1.31,12.2,27.3,39.8,14.8
USW00023062,"DENVER STAPLETON, CO US",1973-02,0.16,3,35.4,47.5,23.4
USW00023062,"DENVER STAPLETON, CO US",1973-03,1.77,15.2,39.8,50.4,29.3
USW00023062,"DENVER STAPLETON, CO US",1973-04,3.74,24.8,43.2,55,31.4
USW00023062,"DENVER STAPLETON, CO US",1973-05,5.07,1,55.6,68.3,42.8
USW00023062,"DENVER STAPLETON, CO US",1973-06,0.2,0,67.5,83.6,51.4
USW00023062,"DENVER STAPLETON, CO US",1973-07,2.47,0,71,85.7,56.2
USW00023062,"DENVER STAPLETON, CO US",1973-08,1.28,0,73.4,88.8,58.1
USW00023062,"DENVER STAPLETON, CO US",1973-09,2.86,0,59.9,74.3,45.5
USW00023062,"DENVER STAPLETON, CO US",1973-10,0.47,2.3,54.5,70.4,38.6
USW00023062,"DENVER STAPLETON, CO US",1973-11,0.83,9.3,39.5,53.4,25.6
USW00023062,"DENVER STAPLETON, CO US",1973-12,2.84,30.8,31.5,45,18.1
USW00023062,"DENVER STAPLETON, CO US",1974-01,1.04,8.3,23.7,37.5,9.8
USW00023062,"DENVER STAPLETON, CO US",1974-02,0.82,10.3,35.1,49.1,21.3
USW00023062,"DENVER STAPLETON, CO US",1974-03,1.33,12.8,43.1,58.5,27.8
USW00023062,"DENVER STAPLETON, CO US",1974-04,2.28,17.8,47.9,62.4,33.3
USW00023062,"DENVER STAPLETON, CO US",1974-05,0.06,0,61.6,79.1,44.1
USW00023062,"DENVER STAPLETON, CO US",1974-06,2.02,0,68.4,83.9,52.9
USW00023062,"DENVER STAPLETON, CO US",1974-07,2.34,0,74.6,90.4,58.9
USW00023062,"DENVER STAPLETON, CO US",1974-08,0.16,0,69.5,85.5,53.4
USW00023062,"DENVER STAPLETON, CO US",1974-09,0.98,1.8,59.4,74.6,44.2
USW00023062,"DENVER STAPLETON, CO US",1974-10,1.68,1,52.4,67.2,37.7
USW00023062,"DENVER STAPLETON, CO US",1974-11,1.06,11.9,38,51.1,24.8
USW00023062,"DENVER STAPLETON, CO US",1974-12,0.3,2.1,31.2,43.8,18.6
USW00023062,"DENVER STAPLETON, CO US",1975-01,0.24,3.7,31.6,46.4,16.9
USW00023062,"DENVER STAPLETON, CO US",1975-02,0.37,4,30.6,45.2,16
USW00023062,"DENVER STAPLETON, CO US",1975-03,1.19,14.3,37.2,50.4,24.1
USW00023062,"DENVER STAPLETON, CO US",1975-04,1.14,10.9,44.1,58.2,30
USW00023062,"DENVER STAPLETON, CO US",1975-05,2.8,6.1,54.2,68,40.5
USW00023062,"DENVER STAPLETON, CO US",1975-06,2.12,0,64.2,79.5,49
USW00023062,"DENVER STAPLETON, CO US",1975-07,2.79,0,72.7,87.2,58.2
USW00023062,"DENVER STAPLETON, CO US",1975-08,2,0,70.7,86.2,55.3
USW00023062,"DENVER STAPLETON, CO US",1975-09,0.24,0,59.5,75.3,43.7
USW00023062,"DENVER STAPLETON, CO US",1975-10,0.3,2.7,53.2,70.5,35.9
USW00023062,"DENVER STAPLETON, CO US",1975-11,1.88,15.2,36.8,50.8,22.8
USW00023062,"DENVER STAPLETON, CO US",1975-12,0.48,7.3,37.5,50.5,24.5
USW00023062,"DENVER STAPLETON, CO US",1976-01,0.2,3.2,32.3,46.3,18.3
USW00023062,"DENVER STAPLETON, CO US",1976-02,0.54,6.4,39.3,54.1,24.4
USW00023062,"DENVER STAPLETON, CO US",1976-03,1.33,18.7,37.1,51.7,22.4
USW00023062,"DENVER STAPLETON, CO US",1976-04,1.28,1.2,49.1,62.9,35.3
USW00023062,"DENVER STAPLETON, CO US",1976-05,1.35,0,56.7,70.3,43
USW00023062,"DENVER STAPLETON, CO US",1976-06,0.63,0,66.3,82,50.6
USW00023062,"DENVER STAPLETON, CO US",1976-07,2.31,0,75.2,89.1,61.4
USW00023062,"DENVER STAPLETON, CO US",1976-08,2.51,0,70.2,84.6,55.8
USW00023062,"DENVER STAPLETON, CO US",1976-09,1.88,0,61.8,74.3,49.2
USW00023062,"DENVER STAPLETON, CO US",1976-10,0.93,7.2,48.4,63.2,33.6
USW00023062,"DENVER STAPLETON, CO US",1976-11,0.33,4.5,39.5,53,26
USW00023062,"DENVER STAPLETON, CO US",1976-12,0.16,3.1,35.4,50.9,20
USW00023062,"DENVER STAPLETON, CO US",1977-01,0.16,2.4,29.2,43.9,14.4
USW00023062,"DENVER STAPLETON, CO US",1977-02,0.28,3.1,37.9,51.8,24.1
USW00023062,"DENVER STAPLETON, CO US",1977-03,1.24,9.6,39.9,53.9,25.9
USW00023062,"DENVER STAPLETON, CO US",1977-04,2.13,4.7,51,63.3,38.8
USW00023062,"DENVER STAPLETON, CO US",1977-05,0.34,0,60.7,74.9,46.4
USW00023062,"DENVER STAPLETON, CO US",1977-06,1.02,0,71.9,86.3,57.5
USW00023062,"DENVER STAPLETON, CO US",1977-07,2.99,0,74.3,87.8,60.7
USW00023062,"DENVER STAPLETON, CO US",1977-08,1.01,0,70.2,83,57.5
USW00023062,"DENVER STAPLETON, CO US",1977-09,0.1,0,66.6,82.3,50.8
USW00023062,"DENVER STAPLETON, CO US",1977-10,0.48,3.3,53.2,69.4,37.1
USW00023062,"DENVER STAPLETON, CO US",1977-11,0.59,4.1,40.3,53.7,26.8
USW00023062,"DENVER STAPLETON, CO US",1977-12,0.03,0.7,35,49.1,21
USW00023062,"DENVER STAPLETON, CO US",1978-01,0.27,5.5,25.8,37.5,14.1
USW00023062,"DENVER STAPLETON, CO US",1978-02,0.27,6.2,31.3,42.2,20.5
USW00023062,"DENVER STAPLETON, CO US",1978-03,1.07,8.6,43.3,57,29.6
USW00023062,"DENVER STAPLETON, CO US",1978-04,1.82,4.6,50.3,63.6,36.9
USW00023062,"DENVER STAPLETON, CO US",1978-05,3.46,13.5,54.4,67.1,41.7
USW00023062,"DENVER STAPLETON, CO US",1978-06,1.17,0,66.9,80.6,53.1
USW00023062,"DENVER STAPLETON, CO US",1978-07,0.54,0,74.7,90.4,59
USW00023062,"DENVER STAPLETON, CO US",1978-08,0.26,0,69.6,85.5,53.8
USW00023062,"DENVER STAPLETON, CO US",1978-09,0.07,0,65,81.2,48.7
USW00023062,"DENVER STAPLETON, CO US",1978-10,1.45,2.7,53,68.1,37.9
USW00023062,"DENVER STAPLETON, CO US",1978-11,0.5,6.9,37.8,49.8,25.7
USW00023062,"DENVER STAPLETON, CO US",1978-12,0.83,14.2,24.6,36.9,12.3
USW00023062,"DENVER STAPLETON, CO US",1979-01,0.34,9.1,18,30.6,5.4
USW00023062,"DENVER STAPLETON, CO US",1979-02,0.42,5.8,34.2,47.3,21.1
USW00023062,"DENVER STAPLETON, CO US",1979-03,1.26,18.2,40.5,52,29
USW00023062,"DENVER STAPLETON, CO US",1979-04,1.41,8.1,49.1,62.1,36.1
USW00023062,"DENVER STAPLETON, CO US",1979-05,3.53,8.2,54.8,66.5,43.1
USW00023062,"DENVER STAPLETON, CO US",1979-06,2.39,0,65.8,80,51.7
USW00023062,"DENVER STAPLETON, CO US",1979-07,0.81,0,73.7,89.5,57.8
USW00023062,"DENVER STAPLETON, CO US",1979-08,5.85,0,69.5,82.5,56.4
USW00023062,"DENVER STAPLETON, CO US",1979-09,0.37,0,66.3,80.7,51.8
USW00023062,"DENVER STAPLETON, CO US",1979-10,1.29,2.7,53.8,67.7,39.9
USW00023062,"DENVER STAPLETON, CO US",1979-11,1.67,22.3,33.3,44.5,22.1
USW00023062,"DENVER STAPLETON, CO US",1979-12,1.06,16.5,34.5,47.6,21.3
USW00023062,"DENVER STAPLETON, CO US",1980-01,0.65,12.4,25.9,37.5,14.4
USW00023062,"DENVER STAPLETON, CO US",1980-02,0.45,9.6,34.5,46.1,22.9
USW00023062,"DENVER STAPLETON, CO US",1980-03,1.16,12.2,38,49.9,26.1
USW00023062,"DENVER STAPLETON, CO US",1980-04,2.54,10,47.7,59.4,35.9
USW00023062,"DENVER STAPLETON, CO US",1980-05,2.74,0,57.1,68.4,45.8
USW00023062,"DENVER STAPLETON, CO US",1980-06,0.09,0,71.9,87,56.8
USW00023062,"DENVER STAPLETON, CO US",1980-07,2.94,0,76.4,89.8,62.9
USW00023062,"DENVER STAPLETON, CO US",1980-08,1.65,0,73.1,87.1,59.2
USW00023062,"DENVER STAPLETON, CO US",1980-09,0.63,0,65.8,80.7,50.8
USW00023062,"DENVER STAPLETON, CO US",1980-10,0.1,1.5,52.4,67,37.8
USW00023062,"DENVER STAPLETON, CO US",1980-11,0.67,7.1,41.9,55.3,28.5
USW00023062,"DENVER STAPLETON, CO US",1980-12,0.1,1.2,41.2,55,27.4
USW00023062,"DENVER STAPLETON, CO US",1981-01,0.29,4.1,37.3,52,22.6
USW00023062,"DENVER STAPLETON, CO US",1981-02,0.35,4.3,36.1,51.8,20.5
USW00023062,"DENVER STAPLETON, CO US",1981-03,2.28,24,41.2,52.5,29.9
USW00023062,"DENVER STAPLETON, CO US",1981-04,1.01,2.9,56.4,70.2,42.5
USW00023062,"DENVER STAPLETON, CO US",1981-05,3.76,0,57,67.4,46.7
USW00023062,"DENVER STAPLETON, CO US",1981-06,0.63,0,70.4,84.2,56.5
USW00023062,"DENVER STAPLETON, CO US",1981-07,0.91,0,75.9,90,61.7
USW00023062,"DENVER STAPLETON, CO US",1981-08,1.16,0,72,84.8,59.2
USW00023062,"DENVER STAPLETON, CO US",1981-09,0.35,0,68.1,82.1,54.2
USW00023062,"DENVER STAPLETON, CO US",1981-10,0.8,2.8,52.6,65.2,40
USW00023062,"DENVER STAPLETON, CO US",1981-11,0.42,3.3,45.8,59.6,32
USW00023062,"DENVER STAPLETON, CO US",1981-12,0.67,9.9,35.8,48.7,22.8
USW00023062,"DENVER STAPLETON, CO US",1982-01,0.32,4.8,30.3,43,17.5
USW00023062,"DENVER STAPLETON, CO US",1982-02,0.09,1.8,32,46.2,17.8
USW00023062,"DENVER STAPLETON, CO US",1982-03,0.18,2.1,41.1,54.9,27.3
USW00023062,"DENVER STAPLETON, CO US",1982-04,0.34,2,47.4,61.6,33.1
USW00023062,"DENVER STAPLETON, CO US",1982-05,3.48,0,55.1,66.8,43.3
USW00023062,"DENVER STAPLETON, CO US",1982-06,2.26,0,63.1,75.5,50.7
USW00023062,"DENVER STAPLETON, CO US",1982-07,0.92,0,72.6,86.4,58.9
USW00023062,"DENVER STAPLETON, CO US",1982-08,1.16,0,73.1,86.4,59.8
USW00023062,"DENVER STAPLETON, CO US",1982-09,1.38,0,61.7,73.9,49.5
USW00023062,"DENVER STAPLETON, CO US",1982-10,1.51,1.2,49,62.9,35
USW00023062,"DENVER STAPLETON, CO US",1982-11,0.47,1.9,35.6,48.6,22.7
USW00023062,"DENVER STAPLETON, CO US",1982-12,2.34,27.1,30.9,43.1,18.7
USW00023062,"DENVER STAPLETON, CO US",1983-01,0.15,1.3,31.9,42.1,21.6
USW00023062,"DENVER STAPLETON, CO US",1983-02,0.07,0.8,36.5,47.4,25.7
USW00023062,"DENVER STAPLETON, CO US",1983-03,4.56,30.5,36.2,45.5,26.9
USW00023062,"DENVER STAPLETON, CO US",1983-04,2.1,11.3,41,51.7,30.3
USW00023062,"DENVER STAPLETON, CO US",1983-05,3.62,7.6,51.4,62.5,40.3
USW00023062,"DENVER STAPLETON, CO US",1983-06,2.66,0,62.8,75,50.6
USW00023062,"DENVER STAPLETON, CO US",1983-07,1.75,0,73.2,87.3,59.1
USW00023062,"DENVER STAPLETON, CO US",1983-08,1.51,0,74.4,87.7,61.1
USW00023062,"DENVER STAPLETON, CO US",1983-09,0.13,0,64.9,81,48.8
USW00023062,"DENVER STAPLETON, CO US",1983-10,0.39,0,52.7,67.9,37.6
USW00023062,"DENVER STAPLETON, CO US",1983-11,2.63,29.3,36.9,49.4,24.5
USW00023062,"DENVER STAPLETON, CO US",1983-12,0.64,11.5,17.4,28.2,6.7
USW00023062,"DENVER STAPLETON, CO US",1984-01,0.18,3.4,27.2,39,15.5
USW00023062,"DENVER STAPLETON, CO US",1984-02,0.81,8,34.1,45.4,22.7
USW00023062,"DENVER STAPLETON, CO US",1984-03,1.19,12,37.1,48.5,25.8
USW00023062,"DENVER STAPLETON, CO US",1984-04,2.42,16.8,42.3,53.5,31
USW00023062,"DENVER STAPLETON, CO US",1984-05,0.65,0,59.9,73.9,45.9
USW00023062,"DENVER STAPLETON, CO US",1984-06,1.26,0,66.5,80.3,52.7
USW00023062,"DENVER STAPLETON, CO US",1984-07,2.11,0,74.9,89,60.7
USW00023062,"DENVER STAPLETON, CO US",1984-08,3.21,0,71.8,84.5,59.1
USW00023062,"DENVER STAPLETON, CO US",1984-09,0.48,5.2,60.7,74.1,47.2
USW00023062,"DENVER STAPLETON, CO US",1984-10,3.47,13.1,44.7,55.1,34.4
USW00023062,"DENVER STAPLETON, CO US",1984-11,0.27,2.3,39.7,54.3,25
USW00023062,"DENVER STAPLETON, CO US",1984-12,0.46,5,32.8,45.7,19.9
USW00023062,"DENVER STAPLETON, CO US",1985-01,0.69,12.5,25.5,37.5,13.6
USW00023062,"DENVER STAPLETON, CO US",1985-02,0.59,8.7,27.6,40.4,14.9
USW00023062,"DENVER STAPLETON, CO US",1985-03,0.69,7.6,40.8,54.6,27.1
USW00023062,"DENVER STAPLETON, CO US",1985-04,2.61,0.8,51,63.8,38.1
USW00023062,"DENVER STAPLETON, CO US",1985-05,1.33,0,59.9,73,46.9
USW00023062,"DENVER STAPLETON, CO US",1985-06,1.46,0,67.9,82,53.9
USW00023062,"DENVER STAPLETON, CO US",1985-07,3.71,0,73,86.3,59.6
USW00023062,"DENVER STAPLETON, CO US",1985-08,0.28,0,72.3,87.7,57
USW00023062,"DENVER STAPLETON, CO US",1985-09,2.33,8.7,58.8,71.5,46.1
USW00023062,"DENVER STAPLETON, CO US",1985-10,0.77,1.9,50.7,65.1,36.2
USW00023062,"DENVER STAPLETON, CO US",1985-11,1.21,17,29.7,40.4,19.1
USW00023062,"DENVER STAPLETON, CO US",1985-12,0.66,10.4,29.4,41.6,17.2
USW00023062,"DENVER STAPLETON, CO US",1986-01,0.22,2.4,40.3,54.7,26
USW00023062,"DENVER STAPLETON, CO US",1986-02,0.65,6.2,36.1,48.7,23.5
USW00023062,"DENVER STAPLETON, CO US",1986-03,0.43,2.6,47.1,61,33.1
USW00023062,"DENVER STAPLETON, CO US",1986-04,2.59,14,49.6,62.2,36.9
USW00023062,"DENVER STAPLETON, CO US",1986-05,1.31,0,56.7,69.9,43.5
USW00023062,"DENVER STAPLETON, CO US",1986-06,1.07,0,70.3,84,56.6
USW00023062,"DENVER STAPLETON, CO US",1986-07,1.69,0,73.5,88,58.9
USW00023062,"DENVER STAPLETON, CO US",1986-08,0.54,0,72.1,86.7,57.6
USW00023062,"DENVER STAPLETON, CO US",1986-09,0.43,0,60.6,74.6,46.7
USW00023062,"DENVER STAPLETON, CO US",1986-10,1.8,4.3,49.3,62.2,36.4
USW00023062,"DENVER STAPLETON, CO US",1986-11,1.07,11.5,38.9,51.4,26.5
USW00023062,"DENVER STAPLETON, CO US",1986-12,0.31,4.9,31,43.4,18.5
USW00023062,"DENVER STAPLETON, CO US",1987-01,0.69,17,32.1,44.9,19.4
USW00023062,"DENVER STAPLETON, CO US",1987-02,1.21,12.2,36.1,47.2,25
USW00023062,"DENVER STAPLETON, CO US",1987-03,1.34,11.5,38.8,50.9,26.7
USW00023062,"DENVER STAPLETON, CO US",1987-04,1.03,9.9,51.8,66.9,36.8
USW00023062,"DENVER STAPLETON, CO US",1987-05,4.65,0,59.6,71.8,47.5
USW00023062,"DENVER STAPLETON, CO US",1987-06,3.5,0,69.2,83.3,55
USW00023062,"DENVER STAPLETON, CO US",1987-07,0.76,0,74.4,90.2,58.5
USW00023062,"DENVER STAPLETON, CO US",1987-08,2,0,70.7,84.4,56.9
USW00023062,"DENVER STAPLETON, CO US",1987-09,0.7,0,62.4,76.8,47.9
USW00023062,"DENVER STAPLETON, CO US",1987-10,1.24,0,51.6,66.9,36.4
USW00023062,"DENVER STAPLETON, CO US",1987-11,1.63,11.2,39.9,52.2,27.7
USW00023062,"DENVER STAPLETON, CO US",1987-12,1.3,21.5,28.4,39.9,16.9
USW00023062,"DENVER STAPLETON, CO US",1988-01,0.4,5.8,25.2,38.1,12.2
USW00023062,"DENVER STAPLETON, CO US",1988-02,0.61,7,34.1,47,21.2
USW00023062,"DENVER STAPLETON, CO US",1988-03,1.28,13.5,38.5,51,26
USW00023062,"DENVER STAPLETON, CO US",1988-04,0.65,2,50.2,65,35.5
USW00023062,"DENVER STAPLETON, CO US",1988-05,4.26,1.3,59,72.8,45.1
USW00023062,"DENVER STAPLETON, CO US",1988-06,1.28,0,71.8,86,57.7
USW00023062,"DENVER STAPLETON, CO US",1988-07,2.19,0,74.1,89,59.3
USW00023062,"DENVER STAPLETON, CO US",1988-08,1.84,0,73.6,87.7,59.5
USW00023062,"DENVER STAPLETON, CO US",1988-09,0.9,0,62.3,77.7,46.8
USW00023062,"DENVER STAPLETON, CO US",1988-10,0.06,0,54,69.9,38.1
USW00023062,"DENVER STAPLETON, CO US",1988-11,0.47,2.8,40.6,54,27.2
USW00023062,"DENVER STAPLETON, CO US",1988-12,1.04,12.3,31.1,45.6,16.6
USW00023062,"DENVER STAPLETON, CO US",1989-01,1.14,13,33.5,47.8,19.2
USW00023062,"DENVER STAPLETON, CO US",1989-02,0.67,8.2,22.3,32.7,12
USW00023062,"DENVER STAPLETON, CO US",1989-03,0.56,4.8,43.3,58.5,28
USW00023062,"DENVER STAPLETON, CO US",1989-04,1,9,51,64.6,37.5
USW00023062,"DENVER STAPLETON, CO US",1989-05,3.83,0,59,72.9,45.1
USW00023062,"DENVER STAPLETON, CO US",1989-06,2.04,0,65.4,78.4,52.4
USW00023062,"DENVER STAPLETON, CO US",1989-07,1.64,0,75.8,91.5,60.2
USW00023062,"DENVER STAPLETON, CO US",1989-08,1.28,0,71.7,86,57.3
USW00023062,"DENVER STAPLETON, CO US",1989-09,1.55,2.3,62.4,76.5,48.4
USW00023062,"DENVER STAPLETON, CO US",1989-10,0.81,7.8,51.2,65.8,36.7
USW00023062,"DENVER STAPLETON, CO US",1989-11,0.15,1.6,42.8,57.7,27.9
USW00023062,"DENVER STAPLETON, CO US",1989-12,0.81,11.8,27.3,40.9,13.6
USW00023062,"DENVER STAPLETON, CO US",1990-01,0.74,8.4,36.4,48.6,24.2
USW00023062,"DENVER STAPLETON, CO US",1990-02,0.56,7,33.3,45.2,21.3
USW00023062,"DENVER STAPLETON, CO US",1990-03,3.09,21.9,39.5,51.3,27.7
USW00023062,"DENVER STAPLETON, CO US",1990-04,1.02,3.6,49.1,61.1,37.1
USW00023062,"DENVER STAPLETON, CO US",1990-05,1.52,0.1,56.5,70.7,42.3
USW00023062,"DENVER STAPLETON, CO US",1990-06,0.21,0,72.6,89,56.2
USW00023062,"DENVER STAPLETON, CO US",1990-07,3.57,0,70.8,84.1,57.5
USW00023062,"DENVER STAPLETON, CO US",1990-08,1.96,0,71.2,85.9,56.6
USW00023062,"DENVER STAPLETON, CO US",1990-09,1.46,0,66.9,81,52.8
USW00023062,"DENVER STAPLETON, CO US",1990-10,1.03,7.6,52.2,67.4,37.1
USW00023062,"DENVER STAPLETON, CO US",1990-11,1.28,12,44,57.8,30.2
USW00023062,"DENVER STAPLETON, CO US",1990-12,0.28,4.7,25.7,39.5,11.9
USW00023062,"DENVER STAPLETON, CO US",1991-01,0.76,14.1,27.8,41.4,14.3
USW00023062,"DENVER STAPLETON, CO US",1991-02,0.08,0.8,40.3,54,26.6
USW00023062,"DENVER STAPLETON, CO US",1991-03,0.77,4.3,42.8,56.1,29.5
USW00023062,"DENVER STAPLETON, CO US",1991-04,1.94,14.3,47.7,59.8,35.7
USW00023062,"DENVER STAPLETON, CO US",1991-05,2.43,0,60.3,73.6,46.9
USW00023062,"DENVER STAPLETON, CO US",1991-06,2.19,0,69.4,84.1,54.7
USW00023062,"DENVER STAPLETON, CO US",1991-07,4.11,0,73.1,87.5,58.7
USW00023062,"DENVER STAPLETON, CO US",1991-08,3.69,0,71.4,85,57.9
USW00023062,"DENVER STAPLETON, CO US",1991-09,0.79,0,62.5,77,47.9
USW00023062,"DENVER STAPLETON, CO US",1991-10,0.7,7.3,50.3,66.3,34.3
USW00023062,"DENVER STAPLETON, CO US",1991-11,2.67,29.6,34.7,46.7,22.7
USW00023062,"DENVER STAPLETON, CO US",1991-12,0.19,1.9,33.1,45.6,20.6
USW00023062,"DENVER STAPLETON, CO US",1992-01,1.2,24.3,31.8,45,18.5
USW00023062,"DENVER STAPLETON, CO US",1992-02,0.09,0.3,40.1,52.5,27.6
USW00023062,"DENVER STAPLETON, CO US",1992-03,3.5,15.6,43,55.3,30.7
USW00023062,"DENVER STAPLETON, CO US",1992-04,0.54,0,54.8,69.3,40.3
USW00023062,"DENVER STAPLETON, CO US",1992-05,1.13,0,60.6,73.8,47.3
USW00023062,"DENVER STAPLETON, CO US",1992-06,2.02,0,66.1,79.4,52.7
USW00023062,"DENVER STAPLETON, CO US",1992-07,2.24,0,70.5,84.1,56.9
USW00023062,"DENVER STAPLETON, CO US",1992-08,2.33,0,68.4,82.3,54.5
USW00023062,"DENVER STAPLETON, CO US",1992-09,0.01,0,65.2,81.4,49
USW00023062,"DENVER STAPLETON, CO US",1992-10,0.51,0.1,53.6,69.8,37.5
USW00023062,"DENVER STAPLETON, CO US",1992-11,1.46,20.1,33.9,45.8,21.9
USW00023062,"DENVER STAPLETON, CO US",1992-12,0.67,11,25.4,38.8,12
USW00023062,"DENVER STAPLETON, CO US",1993-01,0.25,3.7,27.3,39.4,15.2
USW00023062,"DENVER STAPLETON, CO US",1993-02,1.06,17,29.4,40.6,18.1
USW00023062,"DENVER STAPLETON, CO US",1993-03,0.89,4.9,42.5,55.3,29.7
USW00023062,"DENVER STAPLETON, CO US",1993-04,2.08,3.7,48.5,61.6,35.3
USW00023062,"DENVER STAPLETON, CO US",1993-05,0.94,0,58.8,72.6,45
USW00023062,"DENVER STAPLETON, CO US",1993-06,1.67,0,66.5,81.2,51.7
USW00023062,"DENVER STAPLETON, CO US",1993-07,0.91,0,73,89,57
USW00023062,"DENVER STAPLETON, CO US",1993-08,0.65,0,70,83.4,56.5
USW00023062,"DENVER STAPLETON, CO US",1993-09,2.3,5.4,60.6,74.9,46.3
USW00023062,"DENVER STAPLETON, CO US",1993-10,2.27,5.4,49.1,62.5,35.8
USW00023062,"DENVER STAPLETON, CO US",1993-11,1.38,17.5,34.7,47.9,21.5
USW00023062,"DENVER STAPLETON, CO US",1993-12,0.42,5.6,34.1,47.2,21.1
USW00023062,"DENVER STAPLETON, CO US",1994-01,0.54,6.1,34.2,48.1,20.4
USW00023062,"DENVER STAPLETON, CO US",1994-02,0.81,8.9,33.4,47.9,18.9
USW00023062,"DENVER STAPLETON, CO US",1994-03,0.87,9.2,44.8,59,30.6
USW00023062,"DENVER STAPLETON, CO US",1994-04,1.89,11.1,48.8,61.8,35.8
USW00023062,"DENVER STAPLETON, CO US",1994-05,1.27,0,63.2,77.4,49
USW00023062,"DENVER STAPLETON, CO US",1994-06,0.99,0,73.5,89.7,57.2
USW00023062,"DENVER STAPLETON, CO US",1994-07,0.5,0,73.9,89.5,58.2
USW00023062,"DENVER STAPLETON, CO US",1994-08,0.61,0,75,89.8,60.1
USW00023062,"DENVER STAPLETON, CO US",1994-09,0.45,1.4,67.2,82.8,51.5
USW00023062,"DENVER STAPLETON, CO US",1994-10,1.44,0,52,64.9,39.1
USW00023062,"DENVER STAPLETON, CO US",1994-11,1.34,16.9,37.9,50.5,25.4
USW00023062,"DENVER STAPLETON, CO US",1994-12,0.3,3.8,35.9,49.7,22.2
USW00023062,"DENVER STAPLETON, CO US",1995-01,0.21,2,33.9,47.2,20.5
USW00023062,"DENVER STAPLETON, CO US",1995-02,0.87,9.7,38.5,52.4,24.5
USW00023062,"DENVER STAPLETON, CO US",1995-03,0.28,5,39.3,53.1,25.5
USW00023062,"DENVER STAPLETON, CO US",1995-04,2.45,,42.9,54.4,31.4
USW00023062,"DENVER STAPLETON, CO US",1995-05,4.75,0,50,59.7,40.3
USW00023062,"DENVER STAPLETON, CO US",1995-06,2.91,0,63.1,75.4,50.7
USW00023062,"DENVER STAPLETON, CO US",1995-07,1.05,0,71.5,86.3,56.8
USW00023062,"DENVER STAPLETON, CO US",1995-08,0.44,0,75.3,90.7,60
USW00023062,"DENVER STAPLETON, CO US",1995-09,1.96,7.4,61.5,74.9,48.2
USW00023062,"DENVER STAPLETON, CO US",1995-10,0.35,2.2,49.7,65,34.5
USW00023062,"DENVER STAPLETON, CO US",1995-11,0.54,6.9,43.1,58.2,28
USW00023062,"DENVER STAPLETON, CO US",1995-12,0.08,0.6,33.2,47.1,19.2
USW00023062,"DENVER STAPLETON, CO US",1996-01,0.83,10.4,27.6,42.3,13
USW00023062,"DENVER STAPLETON, CO US",1996-02,0.32,3.2,35.3,50.4,20.2
USW00023062,"DENVER STAPLETON, CO US",1996-03,1.39,16.4,37.1,50.9,23.3
USW00023062,"DENVER STAPLETON, CO US",1996-04,0.48,3.2,50,64.6,35.5
USW00023062,"DENVER STAPLETON, CO US",1996-05,2.74,0,59.8,73.7,46
USW00023062,"DENVER STAPLETON, CO US",1996-06,1.58,0,68.9,84.1,53.7
USW00023062,"DENVER STAPLETON, CO US",1996-07,1.22,0,73.7,87.8,59.6
USW00023062,"DENVER STAPLETON, CO US",1996-08,0.26,0,71.8,86.9,56.7
USW00023062,"DENVER STAPLETON, CO US",1996-09,2.64,4.7,61.1,75.1,47.1
USW00023062,"DENVER STAPLETON, CO US",1996-10,0.27,1.5,51.5,65.7,37.3
USW00023062,"DENVER STAPLETON, CO US",1996-11,0.57,5.7,38.7,52.1,25.2
USW00023062,"DENVER STAPLETON, CO US",1996-12,0.23,1.8,34.6,48.6,20.5
USW00023062,"DENVER STAPLETON, CO US",1997-01,0.5,7,28.7,40.9,16.5
USW00023062,"DENVER STAPLETON, CO US",1997-02,0.91,10,31.3,42.5,20.1
USW00023062,"DENVER STAPLETON, CO US",1997-03,0.51,3.3,43.7,59.7,27.6
USW00023062,"DENVER STAPLETON, CO US",1997-04,2.96,10.7,42.4,54.2,30.5
USW00023062,"DENVER STAPLETON, CO US",1997-05,1.31,0.1,57.8,71.9,43.6
USW00023062,"DENVER STAPLETON, CO US",1997-06,2.51,0,68.6,82.6,54.7
USW00023062,"DENVER STAPLETON, CO US",1997-07,6.15,0,73.7,88.6,58.7
USW00023062,"DENVER STAPLETON, CO US",1997-08,4.11,0,70,82.2,57.8
USW00023062,"DENVER STAPLETON, CO US",1997-09,0.87,0,64.7,77.9,51.5
USW00023062,"DENVER STAPLETON, CO US",1997-10,2.49,22.1,50.8,65.2,36.4
USW00023062,"DENVER STAPLETON, CO US",1997-11,0.81,7.7,36,48,24
USW00023062,"DENVER STAPLETON, CO US",1997-12,0.71,9.4,30.4,41,19.8
USW00023062,"DENVER STAPLETON, CO US",1998-01,0.12,2.3,34.3,47.1,21.4
USW00023062,"DENVER STAPLETON, CO US",1998-02,0.19,3,35.4,46.6,24.3
USW00023062,"DENVER STAPLETON, CO US",1998-03,1.17,17.1,38.3,51.9,24.7
USW00023062,"DENVER STAPLETON, CO US",1998-04,2.41,10.6,46,58.4,33.7
USW00023062,"DENVER STAPLETON, CO US",1998-05,1.73,0,60.5,75.5,45.4
USW00023062,"DENVER STAPLETON, CO US",1998-06,1.02,0,63.8,78.6,48.9
USW00023062,"DENVER STAPLETON, CO US",1998-07,6.99,0,74.2,86.8,61.6
USW00023062,"DENVER STAPLETON, CO US",1998-08,1.71,0,71.3,85,57.6
USW00023062,"DENVER STAPLETON, CO US",1998-09,0.87,0,67.8,82.8,52.9
USW00023062,"DENVER STAPLETON, CO US",1998-10,0.95,0,50.7,63.7,37.7
USW00023062,"DENVER STAPLETON, CO US",1998-11,0.6,4,43.1,56,30.1
USW00023062,"DENVER STAPLETON, CO US",1998-12,0.6,8.9,30.2,43.8,16.7
USW00023062,"DENVER STAPLETON, CO US",1999-01,0.57,6.5,35.5,48.2,22.8
USW00023062,"DENVER STAPLETON, CO US",1999-02,0.12,1.3,40.2,55.8,24.5
USW00023062,"DENVER STAPLETON, CO US",1999-03,0.27,4.2,44.7,60,29.3
USW00023062,"DENVER STAPLETON, CO US",1999-04,5.35,19.6,44,55.8,32.1
USW00023062,"DENVER STAPLETON, CO US",1999-05,2.55,0,55.8,68.4,43.2
USW00023062,"DENVER STAPLETON, CO US",1999-06,1.62,0,65.6,79.3,51.8
USW00023062,"DENVER STAPLETON, CO US",1999-07,2.06,0,75.2,88.7,61.6
USW00023062,"DENVER STAPLETON, CO US",1999-08,4.01,0,71.1,83.6,58.6
USW00023062,"DENVER STAPLETON, CO US",1999-09,1.17,3.1,59.5,73.3,45.6
USW00023062,"DENVER STAPLETON, CO US",1999-10,0.35,4.8,51.7,68.3,35.1
USW00023062,"DENVER STAPLETON, CO US",1999-11,0.48,8.4,47.1,64.3,29.8
USW00023062,"DENVER STAPLETON, CO US",1999-12,0.31,5.4,35.4,48.1,22.6
USW00023062,"DENVER STAPLETON, CO US",2000-01,0.51,6.2,34.4,48.4,20.4
USW00023062,"DENVER STAPLETON, CO US",2000-02,0.23,1.8,38.8,53.2,24.4
USW00023062,"DENVER STAPLETON, CO US",2000-03,1.37,11.3,41.9,54.2,29.5
USW00023062,"DENVER STAPLETON, CO US",2000-04,0.81,4.6,50.8,66,35.6
USW00023062,"DENVER STAPLETON, CO US",2000-05,1.68,0,60.7,74.7,46.7
USW00023062,"DENVER STAPLETON, CO US",2000-06,0.91,0,68.5,83.4,53.6
USW00023062,"DENVER STAPLETON, CO US",2000-07,1.47,0,76.9,92,61.7
USW00023062,"DENVER STAPLETON, CO US",2000-08,3.85,0,74.8,89.3,60.3
USW00023062,"DENVER STAPLETON, CO US",2000-09,1.57,0.2,62.5,78.5,46.6
USW00023062,"DENVER STAPLETON, CO US",2000-10,0.45,0,51,65.2,36.9
USW00023062,"DENVER STAPLETON, CO US",2000-11,0.76,7.6,30.5,42.1,18.9
USW00023062,"DENVER STAPLETON, CO US",2000-12,0.28,5.6,29,43.1,14.8
USW00023062,"DENVER STAPLETON, CO US",2001-01,0.58,8.7,31.2,44.3,18.1
USW00023062,"DENVER STAPLETON, CO US",2001-02,0.59,10.6,28.4,40.4,16.4
USW00023062,"DENVER STAPLETON, CO US",2001-03,0.76,6.7,40.1,52,28.3
USW00023062,"DENVER STAPLETON, CO US",2001-04,1.32,11.7,49.4,62.5,36.3
USW00023062,"DENVER STAPLETON, CO US",2001-05,3.57,7.2,57.4,70,44.9
USW00023062,"DENVER STAPLETON, CO US",2001-06,1.4,0,69.4,84,54.8
USW00023062,"DENVER STAPLETON, CO US",2001-07,3.34,0,76.5,91,62
USW00023062,"DENVER STAPLETON, CO US",2001-08,2.13,0,73,86.9,59.1
USW00023062,"DENVER STAPLETON, CO US",2001-09,1.01,0,65.4,81.8,49
USW00023062,"DENVER STAPLETON, CO US",2001-10,0.2,1,51.4,67.6,35.1
USW00023062,"DENVER STAPLETON, CO US",2001-11,0.65,4.2,43.1,57.9,28.2
USW00023062,"DENVER STAPLETON, CO US",2001-12,0.27,2.9,33.6,47.7,19.6
USW00023062,"DENVER STAPLETON, CO US",2002-01,0.39,6.1,31.5,45.5,17.5
USW00023062,"DENVER STAPLETON, CO US",2002-02,0.18,2.8,33.4,48.7,18.2
USW00023062,"DENVER STAPLETON, CO US",2002-03,0.74,12.5,35.2,49.3,21.1
USW00023062,"DENVER STAPLETON, CO US",2002-04,0.09,0,51.2,67.6,34.9
USW00023062,"DENVER STAPLETON, CO US",2002-05,1.35,0.7,56.9,71.2,42.5
USW00023062,"DENVER STAPLETON, CO US",2002-06,1.1,0,72.5,88.2,56.8
USW00023062,"DENVER STAPLETON, CO US",2002-07,1.04,0,77.3,92.8,61.8
USW00023062,"DENVER STAPLETON, CO US",2002-08,0.72,0,72.2,87.9,56.4
USW00023062,"DENVER STAPLETON, CO US",2002-09,1.86,0,63.9,78.4,49.5
USW00023062,"DENVER STAPLETON, CO US",2002-10,0.8,4.8,45.5,59.5,31.5
USW00023062,"DENVER STAPLETON, CO US",2002-11,0.23,3.9,37.4,50.6,24.3
USW00023062,"DENVER STAPLETON, CO US",2002-12,0,0,34,48.6,19.4
USW00023062,"DENVER STAPLETON, CO US",2003-01,0,0,37.4,53.3,21.6
USW00023062,"DENVER STAPLETON, CO US",2003-02,0.51,7.5,28.7,42.4,15
USW00023062,"DENVER STAPLETON, CO US",2003-03,4.81,35.2,40.2,52.9,27.4
USW00023062,"DENVER STAPLETON, CO US",2003-04,2.03,3.4,51.7,65.7,37.7
USW00023062,"DENVER STAPLETON, CO US",2003-05,2.24,7,57.2,70.4,44
USW00023062,"DENVER STAPLETON, CO US",2003-06,1.91,0,63.8,76.2,51.5
USW00023062,"DENVER STAPLETON, CO US",2003-07,0.47,0,77.9,94,61.7
USW00023062,"DENVER STAPLETON, CO US",2003-08,3.1,0,74.6,90.4,58.8
USW00023062,"DENVER STAPLETON, CO US",2003-09,0.39,0,,75.3,
USW00023062,"DENVER STAPLETON, CO US",2003-10,0.06,0,56.4,73.1,39.6
USW00023062,"DENVER STAPLETON, CO US",2003-11,0.18,2.9,36,49.2,22.7
USW00023062,"DENVER STAPLETON, CO US",2003-12,0.37,4.5,33.5,48.6,18.5
USW00023062,"DENVER STAPLETON, CO US",2004-01,0.38,4.6,32.1,47.7,16.6
USW00023062,"DENVER STAPLETON, CO US",2004-02,0.55,8.8,31.5,44.1,18.9
USW00023062,"DENVER STAPLETON, CO US",2004-03,0.18,1.8,46.1,61.4,30.9
USW00023062,"DENVER STAPLETON, CO US",2004-04,2.13,12,48.3,61,35.5
USW00023062,"DENVER STAPLETON, CO US",2004-05,1.41,3.3,58.9,73.7,44
USW00023062,"DENVER STAPLETON, CO US",2004-06,1.78,0,63.8,77.4,50
USW00023062,"DENVER STAPLETON, CO US",2004-07,2.47,0,70.8,85,56.6
USW00023062,"DENVER STAPLETON, CO US",2004-08,4.94,0,67.2,81.6,52.9
USW00023062,"DENVER STAPLETON, CO US",2004-09,1.34,0,62.3,77.1,47.4
USW00023062,"DENVER STAPLETON, CO US",2004-10,0.98,0,50.7,65,36.4
USW00023062,"DENVER STAPLETON, CO US",2004-11,0.88,11.4,38,50.3,25.7
USW00023062,"DENVER STAPLETON, CO US",2004-12,0.13,2.6,34.6,48.5,20.8
USW00023062,"DENVER STAPLETON, CO US",2005-01,0.62,7.4,33.1,46.7,19.5
USW00023062,"DENVER STAPLETON, CO US",2005-02,0.05,0.5,36,49.1,22.8
USW00023062,"DENVER STAPLETON, CO US",2005-03,0.77,4.7,40,52.8,27.2
USW00023062,"DENVER STAPLETON, CO US",2005-04,2.39,11.4,46.4,59.4,33.3
USW00023062,"DENVER STAPLETON, CO US",2005-05,1.02,1.4,56.7,70.4,42.9
USW00023062,"DENVER STAPLETON, CO US",2005-06,3.29,0,65.8,80.1,51.6
USW00023062,"DENVER STAPLETON, CO US",2005-07,0.53,0,76.2,92.7,59.7
USW00023062,"DENVER STAPLETON, CO US",2005-08,2.57,0,70.3,85.1,55.4
USW00023062,"DENVER STAPLETON, CO US",2005-09,0.23,0,65.2,80.9,49.5
USW00023062,"DENVER STAPLETON, CO US",2005-10,2.51,9.6,51.7,65.9,37.4
USW00023062,"DENVER STAPLETON, CO US",2005-11,0.29,1,43,59.1,27
USW00023062,"DENVER STAPLETON, CO US",2005-12,0.3,4.1,30.1,43.2,16.9
USW00023062,"DENVER STAPLETON, CO US",2006-01,0.33,3.6,38.2,52.4,24
USW00023062,"DENVER STAPLETON, CO US",2006-02,0.18,3,30.5,45.2,15.7
USW00023062,"DENVER STAPLETON, CO US",2006-03,0.85,8.6,38.5,52.3,24.6
USW00023062,"DENVER STAPLETON, CO US",2006-04,0.62,0.3,51.4,67.3,35.5
USW00023062,"DENVER STAPLETON, CO US",2006-05,0.61,0.2,60.2,75.3,45.2
USW00023062,"DENVER STAPLETON, CO US",2006-06,0.03,0,71.7,87.4,55.9
USW00023062,"DENVER STAPLETON, CO US",2006-07,2.22,0,74.6,88.4,60.9
USW00023062,"DENVER STAPLETON, CO US",2006-08,2.72,0,71.2,83.8,58.5
USW00023062,"DENVER STAPLETON, CO US",2006-09,0.79,0,57.9,72.2,43.7
USW00023062,"DENVER STAPLETON, CO US",2006-10,1.82,9.8,49.4,63.4,35.3
USW00023062,"DENVER STAPLETON, CO US",2006-11,0.33,4.4,41.3,55.6,26.9
USW00023062,"DENVER STAPLETON, CO US",2006-12,2.15,29.4,32,43.8,20.3
USW00023062,"DENVER STAPLETON, CO US",2007-01,1.02,15.9,21.8,34.8,8.9
USW00023062,"DENVER STAPLETON, CO US",2007-02,0.36,5.5,30.6,44.2,17.1
USW00023062,"DENVER STAPLETON, CO US",2007-03,1.36,6.7,45.2,58.9,31.4
USW00023062,"DENVER STAPLETON, CO US",2007-04,1.94,0.9,46.1,58.4,33.8
USW00023062,"DENVER STAPLETON, CO US",2007-05,4.52,0,58.1,71.2,45
USW00023062,"DENVER STAPLETON, CO US",2007-06,0.58,0,67.5,82.3,52.8
USW00023062,"DENVER STAPLETON, CO US",2007-07,0.56,0,75.4,90.9,59.9
USW00023062,"DENVER STAPLETON, CO US",2007-08,3.52,0,73.8,88.3,59.3
USW00023062,"DENVER STAPLETON, CO US",2007-09,1.18,0,64,79.9,48.1
USW00023062,"DENVER STAPLETON, CO US",2007-10,1.07,3,53.2,69,37.5
USW00023062,"DENVER STAPLETON, CO US",2007-11,0.18,2.5,41.5,56.2,26.8
USW00023062,"DENVER STAPLETON, CO US",2007-12,1.17,20.9,26.5,38.7,14.4
USW00023062,"DENVER STAPLETON, CO US",2008-01,0.21,3.1,27.1,40.5,13.7
USW00023062,"DENVER STAPLETON, CO US",2008-02,0.51,5.1,33.4,46.8,20
USW00023062,"DENVER STAPLETON, CO US",2008-03,0.55,5.4,39.7,53.6,25.8
USW00023062,"DENVER STAPLETON, CO US",2008-04,0.31,2.9,45.1,60.3,29.8
USW00023062,"DENVER STAPLETON, CO US",2008-05,1.61,1,55.5,69.8,41.1
USW00023062,"DENVER STAPLETON, CO US",2008-06,0.71,0,67,82.1,52
USW00023062,"DENVER STAPLETON, CO US",2008-07,0.15,0,75.6,92.1,59.1
USW00023062,"DENVER STAPLETON, CO US",2008-08,3.02,0,70.8,84.5,57
USW00023062,"DENVER STAPLETON, CO US",2008-09,1.56,0,60.9,75.1,46.5
USW00023062,"DENVER STAPLETON, CO US",2008-10,1.03,0,50.9,65.4,36.4
USW00023062,"DENVER STAPLETON, CO US",2008-11,0.37,3.2,43.3,58.5,28
USW00023062,"DENVER STAPLETON, CO US",2008-12,0.8,7.1,26.9,40.8,13
USW00023062,"DENVER STAPLETON, CO US",2009-01,0.28,2.8,34.4,47.6,21.2
USW00023062,"DENVER STAPLETON, CO US",2009-02,0.08,0.8,38.2,52.9,23.5
USW00023062,"DENVER STAPLETON, CO US",2009-03,0.64,6.7,41.8,56.6,27
USW00023062,"DENVER STAPLETON, CO US",2009-04,2.95,5.6,44.9,57.6,32.1
USW00023062,"DENVER STAPLETON, CO US",2009-05,3.32,0,54,66,41
USW00023062,"DENVER STAPLETON, CO US",2009-06,3.7,0,63.2,76,50.5
USW00023062,"DENVER STAPLETON, CO US",2009-07,3.09,0,69.7,83.1,56.4
USW00023062,"DENVER STAPLETON, CO US",2009-08,0.92,0,69.3,84.2,54.4
USW00023062,"DENVER STAPLETON, CO US",2009-09,0.87,0,61.5,76.2,46.7
USW00023062,"DENVER STAPLETON, CO US",2009-10,1.6,9,42.3,54.9,29.8
USW00023062,"DENVER STAPLETON, CO US",2009-11,0.66,6.6,42.6,56.6,28.6
USW00023062,"DENVER STAPLETON, CO US",2009-12,0.68,4.3,24.5,36.8,12.2
USW00023062,"DENVER STAPLETON, CO US",2010-01,0.09,0.9,30.9,44.2,17.6
USW00023062,"DENVER STAPLETON, CO US",2010-02,0.65,7.4,27.9,39.1,16.7
USW00023062,"DENVER STAPLETON, CO US",2010-03,1.28,11.6,39.9,52.1,27.7
USW00023062,"DENVER STAPLETON, CO US",2010-04,2.62,1.5,47.8,61.4,34.2
USW00023062,"DENVER STAPLETON, CO US",2010-05,1.23,2,53.6,67.3,40
USW00023062,"DENVER STAPLETON, CO US",2010-06,1.78,0,68.6,82.8,54.5
USW00023062,"DENVER STAPLETON, CO US",2010-07,1.69,0,72.9,88.3,57.6
USW00023062,"DENVER STAPLETON, CO US",2010-08,1.08,0,73.3,88.6,58
USW00023062,"DENVER STAPLETON, CO US",2010-09,0.07,0,66.1,83.6,48.7
USW00023062,"DENVER STAPLETON, CO US",2010-10,0.56,0,54.4,69.4,39.4
USW00023062,"DENVER STAPLETON, CO US",2010-11,0.52,3.4,38.8,52.9,24.6
USW00023062,"DENVER STAPLETON, CO US",2010-12,0.2,2,34.9,49.5,20.4
USW00023062,"DENVER STAPLETON, CO US",2011-01,0.45,6.6,29.4,41.8,17
USW00023062,"DENVER STAPLETON, CO US",2011-02,0.53,8.9,27.8,41.7,13.8
USW00023062,"DENVER STAPLETON, CO US",2011-03,0.26,1.8,42.3,57.4,27.3
USW00023062,"DENVER STAPLETON, CO US",2011-04,1.09,1.8,48.1,62,34.1
USW00023062,"DENVER STAPLETON, CO US",2011-05,3.67,0,51.5,62.7,40.3
USW00023062,"DENVER STAPLETON, CO US",2011-06,1.36,0,67.2,83.1,51.3
USW00023062,"DENVER STAPLETON, CO US",2011-07,6.95,0,75.1,89.2,60.9
USW00023062,"DENVER STAPLETON, CO US",2011-08,0.07,0,75.1,90.8,59.5
USW00023062,"DENVER STAPLETON, CO US",2011-09,1.62,0,62.1,76.7,47.6
USW00023062,"DENVER STAPLETON, CO US",2011-10,1.52,5,51.4,66.7,36.1
USW00023062,"DENVER STAPLETON, CO US",2011-11,0.39,4.3,39.9,54.2,25.6
USW00023062,"DENVER STAPLETON, CO US",2011-12,0.98,16,26,40,11.9
USW00023062,"DENVER STAPLETON, CO US",2012-01,0.24,3.2,35.8,49.9,21.6
USW00023062,"DENVER STAPLETON, CO US",2012-02,0.95,18.3,28.3,39.4,17.3
USW00023062,"DENVER STAPLETON, CO US",2012-03,0,0,48.2,63.6,32.9
USW00023062,"DENVER STAPLETON, CO US",2012-04,1,3.1,52.8,67.9,37.7
USW00023062,"DENVER STAPLETON, CO US",2012-05,1.16,0,60.1,75,45.3
USW00023062,"DENVER STAPLETON, CO US",2012-06,0.37,0,73.7,90,57.3
USW00023062,"DENVER STAPLETON, CO US",2012-07,2.01,0,77.8,92.7,62.9
USW00023062,"DENVER STAPLETON, CO US",2012-08,0.2,0,73.8,89.9,57.7
USW00023062,"DENVER STAPLETON, CO US",2012-09,2.26,0,65.5,80.3,50.6
USW00023062,"DENVER STAPLETON, CO US",2012-10,0.81,7.4,48.8,63.1,34.5
USW00023062,"DENVER STAPLETON, CO US",2012-11,0.36,1.1,43.3,58.7,27.8
USW00023062,"DENVER STAPLETON, CO US",2012-12,0.22,2.5,32.4,46.1,18.6
USW00023062,"DENVER STAPLETON, CO US",2013-01,0.24,2.5,29.7,45.1,14.2
USW00023062,"DENVER STAPLETON, CO US",2013-02,0.67,10.2,30.4,43.6,17.3
USW00023062,"DENVER STAPLETON, CO US",2013-03,1.43,16.7,36.9,50.5,23.4
USW00023062,"DENVER STAPLETON, CO US",2013-04,1.1,10.9,41.9,54.9,28.8
USW00023062,"DENVER STAPLETON, CO US",2013-05,1.24,2.3,57.4,70.5,44.3
USW00023062,"DENVER STAPLETON, CO US",2013-06,0.41,0,70.3,86.6,54
USW00023062,"DENVER STAPLETON, CO US",2013-07,3.49,0,73.5,86.9,60.1
USW00023062,"DENVER STAPLETON, CO US",2013-08,1.58,0,73.1,87.6,58.5
USW00023062,"DENVER STAPLETON, CO US",2013-09,13.89,0,66.4,78.9,53.9
USW00023062,"DENVER STAPLETON, CO US",2013-10,0.62,1.2,47.3,59.5,35.2
USW00023062,"DENVER STAPLETON, CO US",2013-11,0.2,1.9,40.6,55,26.1
USW00023062,"DENVER STAPLETON, CO US",2013-12,0.27,3.9,28.8,42.8,14.8
USW00023062,"DENVER STAPLETON, CO US",2014-01,0.64,9.4,31.5,45.4,17.6
USW00023062,"DENVER STAPLETON, CO US",2014-02,0.26,4.2,28.5,41.5,15.5
USW00023062,"DENVER STAPLETON, CO US",2014-03,0.81,5,41,55.1,26.9
USW00023062,"DENVER STAPLETON, CO US",2014-04,1.29,6.6,48.8,62.3,35.3
USW00023062,"DENVER STAPLETON, CO US",2014-05,3.47,4,57.8,71.4,44.1
USW00023062,"DENVER STAPLETON, CO US",2014-06,1.65,0,66.1,81.3,50.9
USW00023062,"DENVER STAPLETON, CO US",2014-07,3.37,0,73.1,86.7,59.5
USW00023062,"DENVER STAPLETON, CO US",2014-08,1.02,0,69.8,83.7,55.8
USW00023062,"DENVER STAPLETON, CO US",2014-09,2.15,0,64.4,79.6,49.3
USW00023062,"DENVER STAPLETON, CO US",2014-10,0.67,0,54.3,70,38.5
USW00023062,"DENVER STAPLETON, CO US",2014-11,0.93,4.5,35.9,50,21.9
USW00023062,"DENVER STAPLETON, CO US",2014-12,0.51,8.5,31.6,44.3,19
USW00023062,"DENVER STAPLETON, CO US",2015-01,0.35,5.2,33.6,47.4,19.8
USW00023062,"DENVER STAPLETON, CO US",2015-02,2.06,29.2,33.8,46.2,21.5
USW00023062,"DENVER STAPLETON, CO US",2015-03,0.57,3.1,43.4,56.9,30
USW00023062,"DENVER STAPLETON, CO US",2015-04,2.35,3.8,48.4,61.2,35.5
USW00023062,"DENVER STAPLETON, CO US",2015-05,5.03,5.8,52.1,62.3,41.9
USW00023062,"DENVER STAPLETON, CO US",2015-06,7.37,0,68.8,81.5,56.2
USW00023062,"DENVER STAPLETON, CO US",2015-07,1.21,0,71.7,85.1,58.3
USW00023062,"DENVER STAPLETON, CO US",2015-08,0.58,0,72.5,88,57
USW00023062,"DENVER STAPLETON, CO US",2015-09,0.19,0,68.3,84.9,51.6
USW00023062,"DENVER STAPLETON, CO US",2015-10,1.83,0,56.7,70,43.3
USW00023062,"DENVER STAPLETON, CO US",2015-11,1.74,15.7,39.9,53.6,26.3
USW00023062,"DENVER STAPLETON, CO US",2015-12,0.83,11.8,30.8,42.3,19.2
USW00023062,"DENVER STAPLETON, CO US",2016-01,0.37,4.7,32.4,45.9,18.9
USW00023062,"DENVER STAPLETON, CO US",2016-02,0.75,11.8,38.5,52.6,24.4
USW00023062,"DENVER STAPLETON, CO US",2016-03,1.65,18.9,42.2,55.6,28.8
USW00023062,"DENVER STAPLETON, CO US",2016-04,2.28,10,47.7,60.1,35.4
USW00023062,"DENVER STAPLETON, CO US",2016-05,1.9,0.2,53.7,66.3,41.1
USW00023062,"DENVER STAPLETON, CO US",2016-06,1.45,0,71.8,86.8,56.7
USW00023062,"DENVER STAPLETON, CO US",2016-07,0.74,0,76.6,92.5,60.7
USW00023062,"DENVER STAPLETON, CO US",2016-08,0.67,0,72,87.4,56.5
USW00023062,"DENVER STAPLETON, CO US",2016-09,0.06,0,66.2,83,49.4
USW00023062,"DENVER STAPLETON, CO US",2016-10,0.27,0,57.7,75.3,40
USW00023062,"DENVER STAPLETON, CO US",2016-11,0.44,2.6,46.5,61.3,31.6
USW00023062,"DENVER STAPLETON, CO US",2016-12,0.63,10,28.5,43.1,13.8
USW00023062,"DENVER STAPLETON, CO US",2017-01,0.52,9.2,29.5,42.4,16.6
USW00023062,"DENVER STAPLETON, CO US",2017-02,0.11,0.7,41.1,55.5,26.7
USW00023062,"DENVER STAPLETON, CO US",2017-03,0.7,0,47.4,63.6,31.2
USW00023062,"DENVER STAPLETON, CO US",2017-04,1.25,5,49.2,63.5,34.8
USW00023062,"DENVER STAPLETON, CO US",2017-05,4.78,0,55.4,69.2,41.6
USW00023062,"DENVER STAPLETON, CO US",2017-06,0.87,0,70.7,86.8,54.5
USW00023062,"DENVER STAPLETON, CO US",2017-07,0.8,0,76.2,92,60.4
USW00023062,"DENVER STAPLETON, CO US",2017-08,1.49,0,71.6,87,56.2
USW00023062,"DENVER STAPLETON, CO US",2017-09,1.06,0,65.3,79.8,50.7
USW00023062,"DENVER STAPLETON, CO US",2017-10,1.08,2.1,50.3,65.5,35.1
USW00023062,"DENVER STAPLETON, CO US",2017-11,0.28,0,45.2,61,29.4
USW00023062,"DENVER STAPLETON, CO US",2017-12,0.2,2.9,33.9,49,18.8
USW00023062,"DENVER STAPLETON, CO US",2018-01,0.33,4.8,33.7,48.5,18.9
USW00023062,"DENVER STAPLETON, CO US",2018-02,0.39,7.1,28.7,42.5,14.8
USW00023062,"DENVER STAPLETON, CO US",2018-03,1.6,6.7,43,58,27.9
USW00023062,"DENVER STAPLETON, CO US",2018-04,1.28,2.4,47.5,63.1,31.9
USW00023062,"DENVER STAPLETON, CO US",2018-05,2.2,0,61.3,75.5,47
USW00023062,"DENVER STAPLETON, CO US",2018-06,0.72,0,73.4,90.5,56.4
USW00023062,"DENVER STAPLETON, CO US",2018-07,1.44,0,75.1,89.2,61
USW00023062,"DENVER STAPLETON, CO US",2018-08,1.56,0,71.6,86.1,57
USW00023062,"DENVER STAPLETON, CO US",2018-09,0.9,0,67.2,82.9,51.4
USW00023062,"DENVER STAPLETON, CO US",2018-10,0.87,2.6,49.2,62.4,36
USW00023062,"DENVER STAPLETON, CO US",2018-11,0.33,2.7,38.6,51.3,26
USW00023062,"DENVER STAPLETON, CO US",2018-12,0.03,0.4,33,46.5,19.5
